state,total,D,R,year,D_pv2p,R_pv2p
Alabama,2297295,837376,1427820,2020,0.369670439,0.630329561
Alaska,346524,148190,184993,2020,0.444770592,0.555229408
Arizona,3395329,1672054,1661677,2020,0.501556364,0.498443636
Arkansas,1211285,419578,757438,2020,0.356476038,0.643523962
California,16827982,10744672,5721411,2020,0.652533575,0.347466425
Colorado,3256061,1803921,1364202,2020,0.5693974,0.4306026
Connecticut,1823379,1080492,714613,2020,0.601910195,0.398089805
Delaware,504010,296268,200603,2020,0.596267442,0.403732558
District of Columbia,333682,307265,18172,2020,0.944161236,0.055838764
Florida,11067456,5297045,5668731,2020,0.483052453,0.516947547
Georgia,4991938,2472002,2457880,2020,0.501432286,0.498567714
Hawaii,573854,365802,196602,2020,0.650425673,0.349574327
Idaho,868615,287021,554118,2020,0.341228976,0.658771024
Illinois,5833354,3366935,2348194,2020,0.589126685,0.410873315
Indiana,3026214,1240634,1724900,2020,0.418350961,0.581649039
Iowa,1690037,758597,897356,2020,0.458102978,0.541897022
Kansas,1333513,551144,752903,2020,0.422641208,0.577358792
Kentucky,2134996,772285,1326418,2020,0.367982035,0.632017965
Louisiana,2148062,856034,1255776,2020,0.405355595,0.594644405
Maine,812765,429860,359118,2020,0.544831415,0.455168585
Maryland,2921521,1894321,955735,2020,0.664660975,0.335339025
Massachusetts,3529032,2316338,1148777,2020,0.668473629,0.331526371
Michigan,5534909,2795366,2650232,2020,0.513325809,0.486674191
Minnesota,3275727,1716207,1483551,2020,0.536355249,0.463644751
Mississippi,1159362,452795,688745,2020,0.396652767,0.603347233
Missouri,3012436,1242851,1711848,2020,0.420635401,0.579364599
Montana,603636,244783,343598,2020,0.41602805,0.58397195
Nebraska,943049,370912,552071,2020,0.401862223,0.598137777
Nevada,1405376,703486,669890,2020,0.512231173,0.487768827
New Hampshire,803810,424921,365654,2020,0.537483477,0.462516523
New Jersey,4182011,2388680,1730008,2020,0.579961386,0.420038614
New Mexico,921515,499782,401361,2020,0.55460898,0.44539102
New York,6656558,3698632,2850761,2020,0.564728976,0.435271024
North Carolina,5522501,2683787,2757112,2020,0.493261683,0.506738317
North Dakota,361819,114902,235595,2020,0.327825916,0.672174084
Ohio,5765836,2603681,3074418,2020,0.458548011,0.541451989
Oklahoma,1560699,503890,1020280,2020,0.330599605,0.669400395
Oregon,2361091,1333766,952501,2020,0.583381556,0.416618444
Pennsylvania,6860611,3419585,3352498,2020,0.504953203,0.495046797
Rhode Island,516358,306192,199830,2020,0.605096221,0.394903779
South Carolina,2513329,1091541,1385103,2020,0.440733913,0.559266087
South Dakota,422609,150471,261043,2020,0.365652201,0.634347799
Tennessee,3045401,1139289,1849467,2020,0.381191707,0.618808293
Texas,11231799,5211406,5860096,2020,0.470704517,0.529295483
Utah,1408163,527607,818784,2020,0.391867593,0.608132407
Vermont,367428,242820,112704,2020,0.682991866,0.317008134
Virginia,4452022,2406841,1960187,2020,0.551139356,0.448860644
Washington,4060747,2356584,1572345,2020,0.599803152,0.400196848
West Virginia,793747,235657,544826,2020,0.30193739,0.69806261
Wisconsin,3297114,1630389,1609879,2020,0.503164862,0.496835138
Wyoming,276765,73491,193559,2020,0.275195656,0.724804344
Alabama,1182850,659170,504070,1976,56.66672398,43.33327602
Alabama,1341929,636730,654192,1980,49.32366169,50.67633831
Alabama,1441713,551899,872849,1984,38.73660465,61.26339535
Alabama,1378476,549506,815576,1988,40.2544316,59.7455684
Alabama,1688060,690080,804283,1992,46.17887354,53.82112646
Alabama,1534349,662165,769044,1996,46.26612885,53.73387115
Alabama,1666272,692611,941173,2000,42.39305808,57.60694192
Alabama,1883415,693933,1176394,2004,37.10222865,62.89777135
Alabama,2099819,813479,1266546,2008,39.10909725,60.89090275
Alabama,2074338,795696,1255925,2012,38.78377147,61.21622853
Alabama,2123372,729547,1318255,2016,35.62585641,64.37414359
Alaska,123574,44058,71555,1976,38.10817123,61.89182877
Alaska,158445,41842,86112,1980,32.70081436,67.29918564
Alaska,207605,62007,138377,1984,30.94408735,69.05591265
Alaska,200116,72584,119251,1988,37.83668257,62.16331743
Alaska,258506,78294,102000,1992,43.42573796,56.57426204
Alaska,241620,80380,122746,1996,39.57149749,60.42850251
Alaska,285560,79004,167398,2000,32.06305144,67.93694856
Alaska,312598,111025,190889,2004,36.77371702,63.22628298
Alaska,326197,123594,193841,2008,38.93521508,61.06478492
Alaska,300495,122640,164676,2012,42.68470952,57.31529048
Alaska,318608,116454,163387,2016,41.61434529,58.38565471
Arizona,742719,295602,418642,1976,41.38669698,58.61330302
Arizona,873945,246843,529688,1980,31.78791317,68.21208683
Arizona,1025897,333854,681416,1984,32.88327243,67.11672757
Arizona,1171873,454029,702541,1988,39.25650847,60.74349153
Arizona,1486975,543050,572086,1992,48.69809602,51.30190398
Arizona,1404405,653288,622073,1996,51.22377115,48.77622885
Arizona,1532016,685341,781652,2000,46.71740083,53.28259917
Arizona,2012585,893524,1104294,2004,44.72499497,55.27500503
Arizona,2293475,1034707,1230111,2008,45.68609928,54.31390072
Arizona,2299254,1025232,1233654,2012,45.38661978,54.61338022
Arizona,2573165,1161167,1252401,2016,48.1099766,51.8900234
Arkansas,767535,498604,267903,1976,65.04885148,34.95114852
Arkansas,837582,398041,403164,1980,49.68029406,50.31970594
Arkansas,884406,338646,534774,1984,38.7724119,61.2275881
Arkansas,827738,349237,466578,1988,42.80835729,57.19164271
Arkansas,950653,505823,337324,1992,59.99226707,40.00773293
Arkansas,884262,475171,325416,1996,59.35282486,40.64717514
Arkansas,921781,422768,472940,2000,47.19931049,52.80068951
Arkansas,1054945,469953,572898,2004,45.06425175,54.93574825
Arkansas,1086617,422310,638017,2008,39.82827939,60.17172061
Arkansas,1069468,394409,647744,2012,37.84559465,62.15440535
Arkansas,1130635,380494,684872,2016,35.71486231,64.28513769
California,7803770,3742284,3882244,1976,49.08217269,50.91782731
California,8582938,3082943,4522994,1980,40.53337544,59.46662456
California,9505041,3922519,5467009,1984,41.77546518,58.22453482
California,9887065,4702233,5054917,1988,48.19268946,51.80731054
California,11131721,5121325,3630574,1992,58.51672877,41.48327123
California,10019469,5119835,3828381,1996,57.21626523,42.78373477
California,10965822,5861203,4567429,2000,56.20299,43.79701
California,12421353,6745485,5509826,2004,55.04132045,44.95867955
California,13561900,8274473,5011781,2008,62.27844959,37.72155041
California,13038547,7854285,4839958,2012,61.87281116,38.12718884
California,14181595,8753788,4483810,2016,66.12822054,33.87177946
Colorado,1081440,460801,584278,1976,44.09245617,55.90754383
Colorado,1184450,368009,652264,1980,36.06965979,63.93034021
Colorado,1295380,454975,821817,1984,35.63423016,64.36576984
Colorado,1372394,621453,728177,1988,46.04617562,53.95382438
Colorado,1569180,629681,562850,1992,52.80206552,47.19793448
Colorado,1510702,671152,691848,1996,49.24079237,50.75920763
Colorado,1741368,738227,883748,2000,45.51408006,54.48591994
Colorado,2129630,1001732,1101255,2004,47.63377044,52.36622956
Colorado,2401361,1288576,1073589,2008,54.55063469,45.44936531
Colorado,2569516,1323101,1185243,2012,52.74798831,47.25201169
Colorado,2780220,1338870,1202484,2016,52.68333337,47.31666663
Connecticut,1386355,647895,719261,1976,47.38998329,52.61001671
Connecticut,1406285,541732,677210,1980,44.44280368,55.55719632
Connecticut,1466900,569597,890877,1984,39.00083124,60.99916876
Connecticut,1443394,676584,750241,1988,47.41884954,52.58115046
Connecticut,1616156,682318,578313,1992,54.12511671,45.87488329
Connecticut,1392614,735740,483109,1996,60.36350688,39.63649312
Connecticut,1459525,816015,561094,2000,59.25565805,40.74434195
Connecticut,1578769,857488,693826,2004,55.27494756,44.72505244
Connecticut,1646792,997772,629428,2008,61.31833825,38.68166175
Connecticut,1558204,905083,634892,2012,58.77257748,41.22742252
Connecticut,1644920,897572,673215,2016,57.14154752,42.85845248
Delaware,235642,122461,109780,1976,52.73013809,47.26986191
Delaware,235668,105754,111252,1980,48.73321475,51.26678525
Delaware,254572,101656,152190,1984,40.0463273,59.9536727
Delaware,249891,108647,139639,1988,43.7588104,56.2411896
Delaware,289620,126054,102313,1992,55.1979927,44.8020073
Delaware,270810,140355,99062,1996,58.62365663,41.37634337
Delaware,327529,180068,137288,2000,56.74006479,43.25993521
Delaware,375190,200152,171660,2004,53.83150625,46.16849375
Delaware,412412,255459,152374,2008,62.63813865,37.36186135
Delaware,413890,242584,165484,2012,59.44695492,40.55304508
Delaware,441590,235603,185127,2016,55.99862144,44.00137856
District of Columbia,168830,137818,27873,1976,83.17772239,16.82227761
District of Columbia,173889,130231,23313,1980,84.81673006,15.18326994
District of Columbia,211288,180408,29009,1984,86.14773395,13.85226605
District of Columbia,192877,159407,27590,1988,85.24575261,14.75424739
District of Columbia,227572,192619,20698,1992,90.29706962,9.702930381
District of Columbia,185726,158220,17339,1996,90.12354821,9.876451791
District of Columbia,201894,171923,18073,2000,90.48769448,9.512305522
District of Columbia,227586,202970,21256,2004,90.52027865,9.479721353
District of Columbia,265853,245800,17367,2008,93.40076833,6.599231667
District of Columbia,293764,267070,21381,2012,92.5876492,7.412350798
District of Columbia,312575,282830,12723,2016,95.69518834,4.304811658
Florida,3150631,1636000,1469531,1976,52.68020187,47.31979813
Florida,3686927,1419475,2046951,1980,40.94923705,59.05076295
Florida,4180051,1448816,2730350,1984,34.66758679,65.33241321
Florida,4302313,1656701,2618885,1988,38.74792835,61.25207165
Florida,5313392,2071698,2173310,1992,48.80315891,51.19684109
Florida,5303154,2546870,2244536,1996,53.1549612,46.8450388
Florida,5963110,2912253,2912790,2000,49.99539059,50.00460941
Florida,7609810,3583544,3964522,2004,47.47632042,52.52367958
Florida,8390744,4282074,4045624,2008,51.41966003,48.58033997
Florida,8474179,4237756,4163447,2012,50.44225214,49.55774786
Florida,9420039,4504975,4617886,2016,49.38116453,50.61883547
Georgia,1463152,979409,483743,1976,66.93829486,33.06170514
Georgia,1596805,890955,654168,1980,57.66239969,42.33760031
Georgia,1776103,706628,1068722,1984,39.80217985,60.19782015
Georgia,1809672,714792,1081331,1988,39.79638366,60.20361634
Georgia,2321133,1008966,995252,1992,50.34212845,49.65787155
Georgia,2298899,1053849,1080843,1996,49.3677308,50.6322692
Georgia,2583208,1116230,1419720,2000,44.01624638,55.98375362
Georgia,3301875,1366149,1914254,2004,41.6457673,58.3542327
Georgia,3924486,1844123,2048759,2008,47.37166449,52.62833551
Georgia,3897839,1773827,2078688,2012,46.0433509,53.9566491
Georgia,4114732,1877963,2089104,2016,47.3388274,52.6611726
Hawaii,291301,147375,140003,1976,51.28263124,48.71736876
Hawaii,303287,135879,130112,1980,51.08405924,48.91594076
Hawaii,335846,147154,185050,1984,44.29627578,55.70372422
Hawaii,354461,192364,158625,1988,54.80627598,45.19372402
Hawaii,372842,179310,136822,1992,56.71997773,43.28002227
Hawaii,360120,205012,113943,1996,64.27615181,35.72384819
Hawaii,367951,205286,137845,2000,59.82729628,40.17270372
Hawaii,429013,231708,194191,2004,54.404448,45.595552
Hawaii,456064,325871,120566,2008,72.99372588,27.00627412
Hawaii,437159,306658,121015,2012,71.7038485,28.2961515
Hawaii,437664,266891,128847,2016,67.44133745,32.55866255
Idaho,340932,126549,204151,1976,38.26700937,61.73299063
Idaho,437431,110192,290699,1980,27.48677321,72.51322679
Idaho,411144,108510,297523,1984,26.7244288,73.2755712
Idaho,408968,147272,253881,1988,36.71217715,63.28782285
Idaho,482114,137013,202645,1992,40.33851698,59.66148302
Idaho,491711,165443,256595,1996,39.20097242,60.79902758
Idaho,501615,138637,336937,2000,29.15150954,70.84849046
Idaho,598376,181098,409235,2004,30.67726182,69.32273818
Idaho,655122,236440,403012,2008,36.97541019,63.02458981
Idaho,652274,212787,420911,2012,33.57861316,66.42138684
Idaho,690255,189765,409055,2016,31.68982332,68.31017668
Illinois,4721282,2271295,2364269,1976,48.99716626,51.00283374
Illinois,4749721,1981413,2358049,1980,45.66033762,54.33966238
Illinois,4819088,2086499,2707103,1984,43.52674669,56.47325331
Illinois,4559120,2215940,2310939,1988,48.950723,51.049277
Illinois,5050157,2453350,1734096,1992,58.58821821,41.41178179
Illinois,4311391,2341744,1587021,1996,59.60509219,40.39490781
Illinois,4742108,2589026,2019421,2000,56.18001032,43.81998968
Illinois,5274322,2891550,2345946,2004,55.20863405,44.79136595
Illinois,5522371,3419348,2031179,2008,62.73426404,37.26573596
Illinois,5242014,3019512,2135216,2012,58.57752339,41.42247661
Illinois,5536424,3090729,2146015,2016,59.02005139,40.97994861
Indiana,2220362,1014714,1183958,1976,46.15122219,53.84877781
Indiana,2242033,844197,1255656,1980,40.20267133,59.79732867
Indiana,2233069,841481,1377230,1984,37.92657088,62.07342912
Indiana,2168621,860643,1297763,1988,39.87400888,60.12599112
Indiana,2305871,848420,989375,1992,46.16510547,53.83489453
Indiana,2135431,887424,1006693,1996,46.85159364,53.14840636
Indiana,2199302,901980,1245836,2000,41.99521747,58.00478253
Indiana,2468002,969011,1479438,2004,39.57652375,60.42347625
Indiana,2751054,1374039,1345648,2008,50.52195345,49.47804655
Indiana,2624534,1152887,1420543,2012,44.7996254,55.2003746
Indiana,2734958,1033126,1557286,2016,39.88269048,60.11730952
Iowa,1279303,619931,632864,1976,49.48383415,50.51616585
Iowa,1317661,508672,676026,1980,42.93684973,57.06315027
Iowa,1319805,605620,703088,1984,46.27617467,53.72382533
Iowa,1225614,670557,545355,1988,55.14848114,44.85151886
Iowa,1354607,586353,504891,1992,53.73252911,46.26747089
Iowa,1234075,620258,492644,1996,55.73338892,44.26661108
Iowa,1353022,638517,634373,2000,50.16277919,49.83722081
Iowa,1506908,741898,751957,2004,49.66332074,50.33667926
Iowa,1537123,828940,682379,2008,54.84877779,45.15122221
Iowa,1582180,822544,730617,2012,52.95935193,47.04064807
Iowa,1565580,653669,800983,2016,44.93645215,55.06354785
Kansas,957845,430421,502752,1976,46.12445924,53.87554076
Kansas,979795,326150,566812,1980,36.52451056,63.47548944
Kansas,1021991,333149,677296,1984,32.97052289,67.02947711
Kansas,993044,422636,554049,1988,43.2724983,56.7275017
Kansas,1157236,390434,449951,1992,46.45894441,53.54105559
Kansas,1074300,387659,583245,1996,39.92763445,60.07236555
Kansas,1072216,399276,622332,2000,39.08309254,60.91690746
Kansas,1187756,434993,736456,2004,37.13290122,62.86709878
Kansas,1235872,514765,699655,2008,42.38772418,57.61227582
Kansas,1159971,440726,692634,2012,38.88667325,61.11332675
Kansas,1184402,427005,671018,2016,38.88852966,61.11147034
Kentucky,1167142,615717,531852,1976,53.65402865,46.34597135
Kentucky,1295627,617417,635274,1980,49.2872544,50.7127456
Kentucky,1369345,539539,821702,1984,39.63581761,60.36418239
Kentucky,1322517,580368,734281,1988,44.14623219,55.85376781
Kentucky,1492900,665104,617178,1992,51.86877769,48.13122231
Kentucky,1388708,636614,623283,1996,50.52905118,49.47094882
Kentucky,1544106,638923,872520,2000,42.27238473,57.72761527
Kentucky,1795882,712733,1069439,2004,39.99238008,60.00761992
Kentucky,1826620,751985,1048462,2008,41.76657241,58.23342759
Kentucky,1797212,679370,1087190,2012,38.45722761,61.54277239
Kentucky,1924149,628854,1202971,2016,34.32937098,65.67062902
Louisiana,1277383,661365,587446,1976,52.95957515,47.04042485
Louisiana,1548591,708453,792853,1980,47.18911401,52.81088599
Louisiana,1706822,651586,1037299,1984,38.58083884,61.41916116
Louisiana,1628202,717460,883702,1988,44.80870768,55.19129232
Louisiana,1790017,815971,733386,1992,52.66513786,47.33486214
Louisiana,1783959,927837,712586,1996,56.56083827,43.43916173
Louisiana,1765656,792344,927871,2000,46.06075403,53.93924597
Louisiana,1943106,820299,1102169,2004,42.66905873,57.33094127
Louisiana,1960761,782989,1148275,2008,40.54282584,59.45717416
Louisiana,1994065,809141,1152262,2012,41.25317439,58.74682561
Louisiana,2029032,780154,1178638,2016,39.82832276,60.17167724
Maine,482968,232279,236320,1976,49.5688211,50.4311789
Maine,523011,220974,238522,1980,48.09051657,51.90948343
Maine,553144,214515,336500,1984,38.9308821,61.0691179
Maine,555035,243569,307131,1988,44.2289813,55.7710187
Maine,679499,263420,206504,1992,56.05587286,43.94412714
Maine,605897,312788,186378,1996,62.66212042,37.33787958
Maine,651817,319951,286616,2000,52.74784154,47.25215846
Maine,740752,396842,330201,2004,54.58301641,45.41698359
Maine,731163,421923,295273,2008,58.82952498,41.17047502
Maine,724758,401306,292276,2012,57.85992139,42.14007861
Maine,771892,357735,335593,2016,51.59679113,48.40320887
Maryland,1432273,759612,672661,1976,53.03541992,46.96458008
Maryland,1540496,726161,680606,1980,51.61913807,48.38086193
Maryland,1675873,787935,879918,1984,47.24247281,52.75752719
Maryland,1714358,826304,876167,1988,48.53556977,51.46443023
Maryland,1984580,988571,707094,1992,58.29990004,41.70009996
Maryland,1780870,966207,681530,1996,58.63842349,41.36157651
Maryland,2025212,1144008,813827,2000,58.43229894,41.56770106
Maryland,2384238,1334493,1024703,2004,56.56558421,43.43441579
Maryland,2631596,1629467,959862,2008,62.93008729,37.06991271
Maryland,2707327,1677844,971869,2012,63.32172579,36.67827421
Maryland,2781446,1677928,943169,2016,64.01624968,35.98375032
Massachusetts,2547558,1429475,1030276,1976,58.11462217,41.88537783
Massachusetts,2524090,1053802,1057631,1980,49.90932698,50.09067302
Massachusetts,2559383,1239606,1310936,1984,48.60166976,51.39833024
Massachusetts,2632801,1401415,1194635,1988,53.98258893,46.01741107
Massachusetts,2773664,1318639,805039,1992,62.09222867,37.90777133
Massachusetts,2556459,1571509,718058,1996,68.63782541,31.36217459
Massachusetts,2733964,1616487,878502,2000,64.78934376,35.21065624
Massachusetts,2927455,1803800,1071109,2004,62.74285551,37.25714449
Massachusetts,3102995,1904097,1108854,2008,63.19707821,36.80292179
Massachusetts,3184196,1921290,1188314,2012,61.78568075,38.21431925
Massachusetts,3378821,1995196,1090893,2016,64.65127869,35.34872131
Michigan,3651590,1696714,1893742,1976,47.25622595,52.74377405
Michigan,3909725,1661532,1915225,1980,46.4535891,53.5464109
Michigan,3801658,1529638,2251571,1984,40.453675,59.546325
Michigan,3669163,1675783,1965486,1988,46.02195004,53.97804996
Michigan,4274673,1871182,1554940,1992,54.61515965,45.38484035
Michigan,3848844,1989653,1481212,1996,57.32441337,42.67558663
Michigan,4232501,2170418,1953139,2000,52.63460648,47.36539352
Michigan,4839252,2479183,2313746,2004,51.72584447,48.27415553
Michigan,5001596,2872579,2048639,2008,58.37130158,41.62869842
Michigan,4730961,2564569,2115256,2012,54.80053207,45.19946793
Michigan,4799284,2268839,2279543,2016,49.88233178,50.11766822
Minnesota,1949931,1070440,819395,1976,56.64198197,43.35801803
Minnesota,2051916,954173,873268,1980,52.21361456,47.78638544
Minnesota,2084449,1036364,1032603,1984,50.09089077,49.90910923
Minnesota,2096790,1109471,962337,1988,53.55085993,46.44914007
Minnesota,2347948,1020997,747841,1992,57.72134022,42.27865978
Minnesota,2192492,1120380,766395,1996,59.38068927,40.61931073
Minnesota,2438685,1168266,1109659,2000,51.28641198,48.71358802
Minnesota,2828387,1445014,1346695,2004,51.76091061,48.23908939
Minnesota,2910369,1573354,1275409,2008,55.229375,44.770625
Minnesota,2936561,1546167,1320225,2012,53.94122646,46.05877354
Minnesota,2944782,1367705,1322949,2016,50.83169371,49.16830629
Mississippi,768390,381329,366846,1976,50.96788853,49.03211147
Mississippi,891750,429281,441089,1980,49.3216678,50.6783322
Mississippi,941104,352192,582377,1984,37.68496494,62.31503506
Mississippi,931527,363921,557890,1988,39.47891704,60.52108296
Mississippi,981793,400258,487793,1992,45.07151053,54.92848947
Mississippi,893857,394022,439838,1996,47.25277625,52.74722375
Mississippi,994184,404614,572844,2000,41.39451516,58.60548484
Mississippi,1139824,457766,672660,2004,40.49499923,59.50500077
Mississippi,1289865,554662,724597,2008,43.35806901,56.64193099
Mississippi,1285584,562949,710746,2012,44.1981008,55.8018992
Mississippi,1209357,485131,700714,2016,40.91015268,59.08984732
Missouri,1953600,998387,927443,1976,51.84190713,48.15809287
Missouri,2099824,931182,1074181,1980,46.43458566,53.56541434
Missouri,2122771,848583,1274188,1984,39.97524933,60.02475067
Missouri,2093228,1001619,1084953,1988,48.00308832,51.99691168
Missouri,2391270,1053873,811159,1992,56.5069661,43.4930339
Missouri,2158065,1025935,890016,1996,53.54703748,46.45296252
Missouri,2359892,1111138,1189924,2000,48.28805134,51.71194866
Missouri,2731364,1259171,1455713,2004,46.38028733,53.61971267
Missouri,2925205,1441911,1445814,2008,49.93242085,50.06757915
Missouri,2757323,1223796,1482440,2012,45.22133325,54.77866675
Missouri,2808605,1071068,1594511,2016,40.181439,59.818561
Montana,328734,149259,173703,1976,46.21565385,53.78434615
Montana,363952,118032,206814,1980,36.33475555,63.66524445
Montana,384377,146742,232450,1984,38.69860124,61.30139876
Montana,365674,168936,190412,1988,47.01181028,52.98818972
Montana,410583,154507,144207,1992,51.72405712,48.27594288
Montana,407083,167922,179652,1996,48.31258955,51.68741045
Montana,410986,137126,240178,2000,36.34363802,63.65636198
Montana,450434,173710,266063,2004,39.49992382,60.50007618
Montana,490109,231667,242763,2008,48.83059672,51.16940328
Montana,484048,201839,267928,2012,42.96576814,57.03423186
Montana,494526,177709,279240,2016,38.89033568,61.10966432
Nebraska,606749,233293,359219,1976,39.37354855,60.62645145
Nebraska,639533,166424,419214,1980,28.41755487,71.58244513
Nebraska,652090,187866,460054,1984,28.99524633,71.00475367
Nebraska,661465,259235,397956,1988,39.44591451,60.55408549
Nebraska,737546,216864,343678,1992,38.68826957,61.31173043
Nebraska,677415,236761,363467,1996,39.4451775,60.5548225
Nebraska,697019,231780,433862,2000,34.82051914,65.17948086
Nebraska,778186,254328,512814,2004,33.15266274,66.84733726
Nebraska,801281,333319,452979,2008,42.39092558,57.60907442
Nebraska,794379,302081,475064,2012,38.87060973,61.12939027
Nebraska,844227,284494,495961,2016,36.45232589,63.54767411
Nevada,201876,92479,101273,1976,47.73060407,52.26939593
Nevada,243692,66666,155017,1980,30.07267134,69.92732866
Nevada,282717,91655,188770,1984,32.68431845,67.31568155
Nevada,343133,132738,206040,1988,39.18141084,60.81858916
Nevada,506318,189148,175828,1992,51.82477752,48.17522248
Nevada,464279,203974,199244,1996,50.58653136,49.41346864
Nevada,609426,279978,301575,2000,48.1431615,51.8568385
Nevada,829587,397190,418690,2004,48.68240428,51.31759572
Nevada,967848,533736,412827,2008,56.38673813,43.61326187
Nevada,1014918,531373,463567,2012,53.40754216,46.59245784
Nevada,1125385,539260,512058,2016,51.29370942,48.70629058
New Hampshire,339627,147645,185935,1976,44.26074705,55.73925295
New Hampshire,383990,108864,221705,1980,32.93230763,67.06769237
New Hampshire,388904,120347,267050,1984,31.06554775,68.93445225
New Hampshire,450525,163696,281537,1988,36.76636727,63.23363273
New Hampshire,537215,209040,202484,1992,50.79655136,49.20344864
New Hampshire,496597,246166,196486,1996,55.61163171,44.38836829
New Hampshire,569081,266348,273559,2000,49.3321998,50.6678002
New Hampshire,678287,340511,331237,2004,50.69028862,49.30971138
New Hampshire,710970,384826,316534,2008,54.86854112,45.13145888
New Hampshire,710972,369561,329918,2012,52.83375198,47.16624802
New Hampshire,744296,348526,345790,2016,50.19702844,49.80297156
New Jersey,3014472,1444653,1509688,1976,48.89933153,51.10066847
New Jersey,2975684,1147364,1546557,1980,42.59085549,57.40914451
New Jersey,3217862,1261323,1933630,1984,39.47860892,60.52139108
New Jersey,3099553,1320352,1743192,1988,43.09884239,56.90115761
New Jersey,3343594,1436206,1356865,1992,51.42031835,48.57968165
New Jersey,3075860,1652361,1103099,1996,59.9667932,40.0332068
New Jersey,3187226,1788850,1284173,2000,58.21140942,41.78859058
New Jersey,3611691,1911430,1670003,2004,53.37053632,46.62946368
New Jersey,3868237,2215422,1613207,2008,57.86462987,42.13537013
New Jersey,3638499,2122786,1478088,2012,58.95196555,41.04803445
New Jersey,3874046,2148278,1601933,2016,57.28419014,42.71580986
New Mexico,416590,201148,211419,1976,48.75523248,51.24476752
New Mexico,456237,167826,250779,1980,40.09173326,59.90826674
New Mexico,514370,201769,307101,1984,39.65040187,60.34959813
New Mexico,521387,244497,270341,1988,47.49008426,52.50991574
New Mexico,569986,261617,212824,1992,55.14215677,44.85784323
New Mexico,556074,273495,232751,1996,54.02413056,45.97586944
New Mexico,598605,286783,286417,2000,50.03192603,49.96807397
New Mexico,756304,370942,376930,2004,49.59966411,50.40033589
New Mexico,830158,472422,346832,2008,57.66490002,42.33509998
New Mexico,783758,415335,335788,2012,55.29520465,44.70479535
New Mexico,798319,385234,319667,2016,54.65079493,45.34920507
New York,6668262,3244165,2825913,1976,53.44519461,46.55480539
New York,6201959,2728372,2637700,1980,50.8448638,49.1551362
New York,6806810,3001285,3376519,1984,47.05828213,52.94171787
New York,6485683,3255487,2838414,1988,53.42205264,46.57794736
New York,7079432,3346894,2041690,1992,62.1108254,37.8891746
New York,6439129,3649630,1738707,1996,67.73202938,32.26797062
New York,6960215,3942215,2258577,2000,63.57599158,36.42400842
New York,7448266,4180755,2806993,2004,59.82979066,40.17020934
New York,7722019,4645332,2418323,2008,65.76385738,34.23614262
New York,7116784,4324228,2223397,2012,66.04269487,33.95730513
New York,7802084,4379789,2527142,2016,63.4115065,36.5884935
North Carolina,1677906,927365,741960,1976,55.5532925,44.4467075
North Carolina,1855833,875635,915018,1980,48.90031737,51.09968263
North Carolina,2175361,824287,1346481,1984,37.97213705,62.02786295
North Carolina,2134370,890167,1237258,1988,41.84246213,58.15753787
North Carolina,2611850,1114042,1134661,1992,49.54153572,50.45846428
North Carolina,2515807,1107849,1225938,1996,47.47001333,52.52998667
North Carolina,2914990,1257692,1631163,2000,43.53600302,56.46399698
North Carolina,3501007,1525849,1961166,2004,43.758028,56.241972
North Carolina,4310851,2142651,2128474,2008,50.1659633,49.8340367
North Carolina,4505372,2178391,2270395,2012,48.9659651,51.0340349
North Carolina,4741564,2189316,2362631,2016,48.0962542,51.9037458
North Dakota,297308,136078,153684,1976,46.96198949,53.03801051
North Dakota,301116,79189,193695,1980,29.01929025,70.98070975
North Dakota,308971,104429,200336,1984,34.26541762,65.73458238
North Dakota,297261,127739,166559,1988,43.40464427,56.59535573
North Dakota,308133,99168,136244,1992,42.12529523,57.87470477
North Dakota,266411,106905,125050,1996,46.08868099,53.91131901
North Dakota,288256,95284,174852,2000,35.27260343,64.72739657
North Dakota,312833,111052,196651,2004,36.09064585,63.90935415
North Dakota,316621,141278,168601,2008,45.59134372,54.40865628
North Dakota,322932,124966,188320,2012,39.88879171,60.11120829
North Dakota,344360,93758,216794,2016,30.1907571,69.8092429
Ohio,4110456,2009959,2000626,1976,50.1163546,49.8836454
Ohio,4283603,1752414,2206545,1980,44.26451499,55.73548501
Ohio,4563235,1825440,2678559,1984,40.52931628,59.47068372
Ohio,4393585,1939629,2416549,1988,44.52593535,55.47406465
Ohio,4939967,1984942,1894310,1992,51.16816335,48.83183665
Ohio,4534434,2148222,1859883,1996,53.59694918,46.40305082
Ohio,4701998,2183628,2350363,2000,48.16127778,51.83872222
Ohio,5627903,2741165,2859764,2004,48.941256,51.058744
Ohio,5708350,2940044,2677820,2008,52.33384076,47.66615924
Ohio,5580822,2827621,2661407,2012,51.51405677,48.48594323
Ohio,5496487,2394164,2841005,2016,45.73231542,54.26768458
Oklahoma,1092251,532442,545708,1976,49.38477948,50.61522052
Oklahoma,1149708,402026,695570,1980,36.62786672,63.37213328
Oklahoma,1255676,385080,861530,1984,30.89017415,69.10982585
Oklahoma,1171036,483423,678367,1988,41.61018773,58.38981227
Oklahoma,1390359,473066,592929,1992,44.3778817,55.6221183
Oklahoma,1206713,488105,582315,1996,45.59939089,54.40060911
Oklahoma,1234229,474276,744337,2000,38.91932878,61.08067122
Oklahoma,1463758,503966,959792,2004,34.42959834,65.57040166
Oklahoma,1462661,502496,960165,2008,34.35491888,65.64508112
Oklahoma,1334872,443547,891325,2012,33.22768026,66.77231974
Oklahoma,1452992,420375,949136,2016,30.69526276,69.30473724
Oregon,1029876,490407,492120,1976,49.91282682,50.08717318
Oregon,1181516,456890,571044,1980,44.44740616,55.55259384
Oregon,1226527,536479,685700,1984,43.89528866,56.10471134
Oregon,1201694,616206,560126,1988,52.3836808,47.6163192
Oregon,1462643,621314,475757,1992,56.63389152,43.36610848
Oregon,1377760,649641,538152,1996,54.69311572,45.30688428
Oregon,1533950,720342,713577,2000,50.23589199,49.76410801
Oregon,1836782,943163,866831,2004,52.10862577,47.89137423
Oregon,1827864,1037291,738475,2008,58.41372118,41.58627882
Oregon,1789270,970488,754175,2012,56.27116718,43.72883282
Oregon,2001336,1002106,782403,2016,56.15583895,43.84416105
Pennsylvania,4620787,2328677,2205604,1976,51.35713909,48.64286091
Pennsylvania,4561501,1937540,2261872,1980,46.13836413,53.86163587
Pennsylvania,4844903,2228131,2584323,1984,46.29926852,53.70073148
Pennsylvania,4536251,2194944,2300087,1988,48.830453,51.169547
Pennsylvania,4959810,2239164,1791841,1992,55.54852946,44.45147054
Pennsylvania,4501307,2215819,1801169,1996,55.16120536,44.83879464
Pennsylvania,4912185,2485967,2281127,2000,52.14847872,47.85152128
Pennsylvania,5769590,2938095,2793847,2004,51.2582821,48.7417179
Pennsylvania,6013272,3276363,2655885,2008,55.22970382,44.77029618
Pennsylvania,5742040,2990274,2680434,2012,52.731934,47.268066
Pennsylvania,6115402,2926441,2970733,2016,49.62446419,50.37553581
Rhode Island,410584,227636,181249,1976,55.67237732,44.32762268
Rhode Island,415967,198342,154793,1980,56.16605547,43.83394453
Rhode Island,410489,197106,212080,1984,48.17026976,51.82973024
Rhode Island,404622,225123,177761,1988,55.87787055,44.12212945
Rhode Island,453365,213299,131601,1992,61.84372282,38.15627718
Rhode Island,390247,233050,104683,1996,69.00421339,30.99578661
Rhode Island,409112,249508,130555,2000,65.64911607,34.35088393
Rhode Island,437134,259760,169046,2004,60.57751058,39.42248942
Rhode Island,471766,296571,165391,2008,64.19813751,35.80186249
Rhode Island,446049,279677,157204,2012,64.01674598,35.98325402
Rhode Island,464144,252525,180543,2016,58.31070409,41.68929591
South Carolina,802583,450807,346149,1976,56.56610904,43.43389096
South Carolina,888258,428220,439277,1980,49.36270673,50.63729327
South Carolina,968529,344459,615539,1984,35.88122059,64.11877941
South Carolina,986009,370554,606443,1988,37.92785444,62.07214556
South Carolina,1228912,525514,577507,1992,47.64315457,52.35684543
South Carolina,1150182,506152,573339,1996,46.88802408,53.11197592
South Carolina,1383902,566037,786892,2000,41.83789393,58.16210607
South Carolina,1617700,661669,937974,2004,41.36354174,58.63645826
South Carolina,1920969,862449,1034896,2008,45.45557081,54.54442919
South Carolina,1964118,865941,1071645,2012,44.6917453,55.3082547
South Carolina,2103027,855373,1155389,2016,42.53974364,57.46025636
South Dakota,300678,147068,151505,1976,49.25696563,50.74303437
South Dakota,327703,103855,198343,1980,34.36654114,65.63345886
South Dakota,317867,116113,200267,1984,36.70048676,63.29951324
South Dakota,312991,145560,165415,1988,46.80762119,53.19237881
South Dakota,336254,124888,136718,1992,47.73896623,52.26103377
South Dakota,323826,139333,150543,1996,48.0664146,51.9335854
South Dakota,316269,118804,190700,2000,38.38528743,61.61471257
South Dakota,388215,149244,232584,2004,39.0867092,60.9132908
South Dakota,381975,170924,203054,2008,45.70429277,54.29570723
South Dakota,363815,145039,210610,2012,40.78150086,59.21849914
South Dakota,370093,117458,227721,2016,34.02814192,65.97185808
Tennessee,1476346,825879,633969,1976,56.57294458,43.42705542
Tennessee,1617616,783051,787761,1980,49.85007754,50.14992246
Tennessee,1711993,711714,990212,1984,41.81815191,58.18184809
Tennessee,1636250,679794,947233,1988,41.7813595,58.2186405
Tennessee,1982638,933521,841300,1992,52.59803665,47.40196335
Tennessee,1894105,909146,863530,1996,51.28664234,48.71335766
Tennessee,2076181,981720,1061949,2000,48.03713321,51.96286679
Tennessee,2437319,1036477,1384375,2004,42.81455455,57.18544545
Tennessee,2599749,1087437,1479178,2008,42.3685282,57.6314718
Tennessee,2458577,960709,1462330,2012,39.64892847,60.35107153
Tennessee,2508027,870695,1522925,2016,36.37565695,63.62434305
Texas,4071884,2082319,1953300,1976,51.59850323,48.40149677
Texas,4541636,1881147,2510705,1980,42.83265921,57.16734079
Texas,5397571,1949276,3433428,1984,36.21369483,63.78630517
Texas,5427410,2352748,3036829,1988,43.65366707,56.34633293
Texas,6154018,2281815,2496071,1992,47.75783683,52.24216317
Texas,5611644,2459683,2736167,1996,47.33937662,52.66062338
Texas,6407637,2433746,3799639,2000,39.04372985,60.95627015
Texas,7410749,2832704,4526917,2004,38.4898081,61.5101919
Texas,8077795,3528633,4479328,2008,44.06406325,55.93593675
Texas,7993851,3308124,4569843,2012,41.99210278,58.00789722
Texas,8969226,3877868,4685047,2016,45.28677442,54.71322558
Utah,541218,182110,337908,1976,35.01994162,64.98005838
Utah,604152,124266,439687,1980,22.03481496,77.96518504
Utah,629656,155369,469105,1984,24.87997899,75.12002101
Utah,647008,207343,428442,1988,32.61212517,67.38787483
Utah,743998,183429,322632,1992,36.24642089,63.75357911
Utah,665629,221633,361911,1996,37.98051218,62.01948782
Utah,770754,203053,515096,2000,28.27449457,71.72550543
Utah,927844,241199,663742,2004,26.65356084,73.34643916
Utah,952370,327670,596030,2008,35.47363863,64.52636137
Utah,1017440,251813,740600,2012,25.3738111,74.6261889
Utah,1131317,310674,515211,2016,37.61710165,62.38289835
Vermont,183902,77798,100387,1976,43.66136319,56.33863681
Vermont,213299,81952,94628,1980,46.41069204,53.58930796
Vermont,234561,95730,135865,1984,41.33508927,58.66491073
Vermont,243328,115775,124331,1988,48.21828692,51.78171308
Vermont,289701,133592,88122,1992,60.25420136,39.74579864
Vermont,258449,137894,80352,1996,63.18283038,36.81716962
Vermont,294308,149022,119775,2000,55.4403509,44.5596491
Vermont,312309,184067,121180,2004,60.30100214,39.69899786
Vermont,325046,219262,98974,2008,68.89918174,31.10081826
Vermont,299290,199239,92698,2012,68.24725883,31.75274117
Vermont,320467,178573,95369,2016,65.18642632,34.81357368
Virginia,1697094,813896,836554,1976,49.31358114,50.68641886
Virginia,1866032,752174,989609,1980,43.18413947,56.81586053
Virginia,2146635,796250,1337078,1984,37.32431206,62.67568794
Virginia,2191609,859799,1309162,1988,39.64105394,60.35894606
Virginia,2559129,1038650,1150517,1992,47.44498707,52.55501293
Virginia,2416642,1091060,1138350,1996,48.93940549,51.06059451
Virginia,2739447,1217290,1437490,2000,45.85276369,54.14723631
Virginia,3195415,1454742,1716959,2004,45.86630329,54.13369671
Virginia,3723260,1959532,1725005,2008,53.18258441,46.81741559
Virginia,3854489,1971820,1822522,2012,51.96737669,48.03262331
Virginia,3982752,1981473,1769443,2016,52.82637628,47.17362372
Washington,1555534,717323,777732,1976,47.97970643,52.02029357
Washington,1742394,650193,865244,1980,42.90465391,57.09534609
Washington,1874910,798352,1051670,1984,43.15364898,56.84635102
Washington,1865253,933516,903835,1988,50.80771175,49.19228825
Washington,2287565,993037,731234,1992,57.59170107,42.40829893
Washington,2253837,1123323,840712,1996,57.19465284,42.80534716
Washington,2487433,1247652,1108864,2000,52.94477101,47.05522899
Washington,2859084,1510201,1304894,2004,53.64653768,46.35346232
Washington,3036878,1750848,1229216,2008,58.7520268,41.2479732
Washington,3125516,1755396,1290670,2012,57.62829827,42.37170173
Washington,3317019,1742718,1221747,2016,58.7869312,41.2130688
West Virginia,750590,435864,314726,1976,58.06951865,41.93048135
West Virginia,737715,367462,334206,1980,52.36978172,47.63021828
West Virginia,735742,328125,405483,1984,44.72756568,55.27243432
West Virginia,653311,341016,310065,1988,52.3768932,47.6231068
West Virginia,683677,331001,241974,1992,57.76883808,42.23116192
West Virginia,636459,327812,233946,1996,58.35466518,41.64533482
West Virginia,648124,295497,336475,2000,46.75792598,53.24207402
West Virginia,755792,326541,423778,2004,43.52028937,56.47971063
West Virginia,713451,303857,397466,2008,43.32625623,56.67374377
West Virginia,670438,238269,417655,2012,36.32570237,63.67429763
West Virginia,713051,188794,489371,2016,27.83894775,72.16105225
Wisconsin,2101336,1040232,1004987,1976,50.86164367,49.13835633
Wisconsin,2273221,981584,1088845,1980,47.40969142,52.59030858
Wisconsin,2211689,995740,1198584,1984,45.37798429,54.62201571
Wisconsin,2191608,1126794,1047499,1988,51.82346629,48.17653371
Wisconsin,2531064,1041066,930855,1992,52.7945085,47.2054915
Wisconsin,2196169,1071971,845029,1996,55.91919666,44.08080334
Wisconsin,2598607,1242987,1237279,2000,50.1150683,49.8849317
Wisconsin,2997007,1489504,1478120,2004,50.19180327,49.80819673
Wisconsin,2983417,1677211,1262393,2008,57.05567825,42.94432175
Wisconsin,3071434,1620985,1410966,2012,53.46342998,46.53657002
Wisconsin,2976150,1382536,1405284,2016,49.59201096,50.40798904
Wyoming,156343,62239,92717,1976,40.16559539,59.83440461
Wyoming,176713,49427,110700,1980,30.86737402,69.13262598
Wyoming,188968,53370,133241,1984,28.59960024,71.40039976
Wyoming,176551,67113,106867,1988,38.57512358,61.42487642
Wyoming,199884,68160,79347,1992,46.20797657,53.79202343
Wyoming,211571,77934,105388,1996,42.51208257,57.48791743
Wyoming,213726,60481,147947,2000,29.01769436,70.98230564
Wyoming,243861,70776,167629,2004,29.68729683,70.31270317
Wyoming,254904,82868,164958,2008,33.43797664,66.56202336
Wyoming,250701,69286,170962,2012,28.83936599,71.16063401
Wyoming,258788,55973,174419,2016,24.29468037,75.70531963
Alabama,214980,NA,40930,1948,NA,NA
Arizona,177065,95251,77597,1948,55.10679904,44.89320096
Arkansas,242475,149659,50959,1948,74.59898912,25.40101088
California,4021538,1913134,1895269,1948,50.23454713,49.76545287
Colorado,515237,267288,239714,1948,52.71931866,47.28068134
Connecticut,883518,423297,437754,1948,49.16050269,50.83949731
Delaware,139073,67813,69588,1948,49.35408039,50.64591961
Florida,577643,281988,194280,1948,59.20784096,40.79215904
Georgia,418844,254646,76691,1948,76.85407908,23.14592092
Idaho,214816,107370,101514,1948,51.40173493,48.59826507
Illinois,3984046,1994715,1961103,1948,50.4248426,49.5751574
Indiana,1656212,807831,821079,1948,49.5933477,50.4066523
Iowa,1038264,522380,494018,1948,51.39522116,48.60477884
Kansas,788819,351902,423039,1948,45.41016671,54.58983329
Kentucky,822658,466756,341210,1948,57.76926257,42.23073743
Louisiana,416336,136344,72657,1948,65.2360515,34.7639485
Maine,264787,111916,150234,1948,42.69158879,57.30841121
Maryland,596748,286521,294814,1948,49.28672796,50.71327204
Massachusetts,2107146,1151788,909370,1948,55.88062633,44.11937367
Michigan,2109609,1003448,1038595,1948,49.13941577,50.86058423
Minnesota,1212226,692966,483617,1948,58.89648244,41.10351756
Mississippi,192190,19384,5043,1948,79.3548123,20.6451877
Missouri,1578628,917315,655039,1948,58.34023382,41.65976618
Montana,224278,119071,96770,1948,55.16607132,44.83392868
Nebraska,488940,224165,264774,1948,45.84723248,54.15276752
Nevada,62117,31291,29357,1948,51.59444664,48.40555336
New Hampshire,231440,107995,121299,1948,47.09892104,52.90107896
New Jersey,1949555,895455,981124,1948,47.71741557,52.28258443
New Mexico,187063,105464,80303,1948,56.77219312,43.22780688
New York,6177337,2780204,2841163,1948,49.45779203,50.54220797
North Carolina,791209,459070,258572,1948,63.96922142,36.03077858
North Dakota,220716,95812,115139,1948,45.41907836,54.58092164
Ohio,2936071,1452791,1445684,1948,50.12259895,49.87740105
Oklahoma,721599,452782,268817,1948,62.74703817,37.25296183
Oregon,524080,243147,260904,1948,48.2385711,51.7614289
Pennsylvania,3735348,1752426,1902197,1948,47.95093776,52.04906224
Rhode Island,327702,188736,135787,1948,58.15797339,41.84202661
South Carolina,142571,34423,5386,1948,86.47039614,13.52960386
South Dakota,250105,117653,129651,1948,47.57424061,52.42575939
Tennessee,550283,270402,202914,1948,57.12927516,42.87072484
Texas,1147245,750700,282240,1948,72.67605088,27.32394912
Utah,276306,149151,124402,1948,54.52362065,45.47637935
Vermont,123382,45557,75926,1948,37.50072027,62.49927973
Virginia,419256,200786,172070,1948,53.8508164,46.1491836
Washington,905058,476165,386314,1948,55.20888045,44.79111955
West Virginia,748750,429188,316251,1948,57.57520065,42.42479935
Wisconsin,1276800,647310,590959,1948,52.27539412,47.72460588
Wyoming,101425,52354,47947,1948,52.19688737,47.80311263
Alabama,426120,275075,149231,1952,64.829392,35.170608
Arizona,260570,108528,152042,1952,41.65022835,58.34977165
Arkansas,404800,226300,177155,1952,56.09051815,43.90948185
California,5141849,2197548,2897310,1952,43.13266435,56.86733565
Colorado,630103,245504,379782,1952,39.2626734,60.7373266
Connecticut,1096911,481649,611012,1952,44.08036893,55.91963107
Delaware,174025,83315,90059,1952,48.05507169,51.94492831
Florida,989337,444950,544036,1952,44.99052565,55.00947435
Georgia,655785,456823,198961,1952,69.66058946,30.33941054
Idaho,276254,95081,180707,1952,34.47611934,65.52388066
Illinois,4481058,2013920,2457327,1952,45.04157341,54.95842659
Indiana,1955049,801530,1136259,1952,41.36312055,58.63687945
Iowa,1268773,451513,808906,1952,35.82245269,64.17754731
Kansas,896166,273296,616302,1952,30.72129209,69.27870791
Kentucky,993148,495729,495029,1952,50.03532649,49.96467351
Louisiana,651952,345027,306925,1952,52.92214764,47.07785236
Maine,351786,118806,232353,1952,33.8325374,66.1674626
Maryland,902074,395337,499424,1952,44.18353057,55.81646943
Massachusetts,2383398,1083525,1292325,1952,45.60578319,54.39421681
Michigan,2798592,1230657,1551529,1952,44.23345528,55.76654472
Minnesota,1379483,608458,763211,1952,44.35895249,55.64104751
Mississippi,285532,172566,112966,1952,60.43665859,39.56334141
Missouri,1892062,929830,959429,1952,49.21665055,50.78334945
Montana,265037,106213,157394,1952,40.29217737,59.70782263
Nebraska,609660,188057,421603,1952,30.84620936,69.15379064
Nevada,82190,31688,50502,1952,38.55456868,61.44543132
New Hampshire,272950,106663,166287,1952,39.07785309,60.92214691
New Jersey,2418554,1015902,1373613,1952,42.51498735,57.48501265
New Mexico,238608,105661,132170,1952,44.426925,55.573075
New York,7128239,3104601,3952813,1952,43.9906317,56.0093683
North Carolina,1210910,652803,558107,1952,53.91011718,46.08988282
North Dakota,270127,76694,191712,1952,28.57387689,71.42612311
Ohio,3700758,1600367,2100391,1952,43.24430292,56.75569708
Oklahoma,948984,430939,518045,1952,45.4105654,54.5894346
Oregon,695059,270579,420815,1952,39.13528321,60.86471679
Pennsylvania,4580969,2146269,2415789,1952,47.04607,52.95393
Rhode Island,414498,203293,210935,1952,49.07756115,50.92243885
South Carolina,341087,173004,9793,1952,94.64269107,5.357308927
South Dakota,294283,90426,203857,1952,30.72756496,69.27243504
Tennessee,892553,443710,446147,1952,49.86306789,50.13693211
Texas,2075946,969228,1102878,1952,46.7750202,53.2249798
Utah,329554,135364,194190,1952,41.0749073,58.9250927
Vermont,153557,43355,109717,1952,28.32327271,71.67672729
Virginia,619689,268677,349037,1952,43.49537164,56.50462836
Washington,1102708,492845,599107,1952,45.13430993,54.86569007
West Virginia,873548,453578,419970,1952,51.9236493,48.0763507
Wisconsin,1607370,622175,979744,1952,38.83935455,61.16064545
Wyoming,129253,47934,81049,1952,37.16303699,62.83696301
Alabama,496861,280844,195694,1956,58.9342298,41.0657702
Arizona,290173,112880,176990,1956,38.94159451,61.05840549
Arkansas,406572,213277,186287,1956,53.3774314,46.6225686
California,5466355,2420135,3027668,1956,44.42405498,55.57594502
Colorado,657074,257997,394479,1956,39.5412245,60.4587755
Connecticut,1117121,405079,711837,1956,36.26763338,63.73236662
Delaware,177988,79421,98057,1956,44.7497718,55.2502282
Florida,1125762,480371,643849,1956,42.72927007,57.27072993
Georgia,669655,444688,222778,1956,66.62331864,33.37668136
Idaho,272989,105868,166979,1956,38.80123293,61.19876707
Illinois,4407407,1775682,2623327,1956,40.3655005,59.6344995
Indiana,1974607,783908,1182811,1956,39.85866817,60.14133183
Iowa,1234564,501858,729187,1956,40.76682818,59.23317182
Kansas,866243,296317,566878,1956,34.32793285,65.67206715
Kentucky,1053805,476453,572192,1956,45.43510912,54.56489088
Louisiana,617544,243977,329047,1956,42.57709974,57.42290026
Maine,351706,102468,249238,1956,29.13456125,70.86543875
Maryland,932827,372613,559738,1956,39.96488447,60.03511553
Massachusetts,2348506,948190,1393197,1956,40.49693622,59.50306378
Michigan,3080468,1359898,1713647,1956,44.24526077,55.75473923
Minnesota,1340005,617525,719302,1956,46.19333691,53.80666309
Mississippi,248104,144453,60685,1956,70.41747507,29.58252493
Missouri,1832562,918273,914289,1956,50.10870028,49.89129972
Montana,271171,116238,154933,1956,42.86520314,57.13479686
Nebraska,577137,199029,378108,1956,34.48557275,65.51442725
Nevada,96689,40640,56049,1956,42.03166855,57.96833145
New Hampshire,266994,90364,176519,1956,33.85903186,66.14096814
New Jersey,2484312,850337,1606942,1956,34.60482102,65.39517898
New Mexico,253926,106098,146788,1956,41.95487295,58.04512705
New York,7095971,2747944,4345506,1956,38.73917487,61.26082513
North Carolina,1165592,590530,575062,1956,50.66352549,49.33647451
North Dakota,253991,96742,156766,1956,38.16132035,61.83867965
Ohio,3702265,1439655,2262610,1956,38.88579019,61.11420981
Oklahoma,859350,385581,473769,1956,44.86891255,55.13108745
Oregon,736132,329204,406393,1956,44.75330922,55.24669078
Pennsylvania,4576503,1981769,2585252,1956,43.39303454,56.60696546
Rhode Island,387609,161790,225819,1956,41.74051686,58.25948314
South Carolina,300583,136372,75700,1956,64.3045758,35.6954242
South Dakota,293857,122288,171569,1956,41.61479903,58.38520097
Tennessee,939404,456507,462288,1956,49.68540316,50.31459684
Texas,1955168,859958,1080619,1956,44.31455181,55.68544819
Utah,333995,118364,215631,1956,35.43885388,64.56114612
Vermont,152978,42549,110390,1956,27.82089591,72.17910409
Virginia,697978,267760,386459,1956,40.92819071,59.07180929
Washington,1150889,523002,620430,1956,45.73966795,54.26033205
West Virginia,830831,381534,449297,1956,45.92197451,54.07802549
Wisconsin,1550558,586768,954844,1956,38.06197668,61.93802332
Wyoming,124127,49554,74573,1956,39.92201536,60.07798464
Alabama,570225,324050,237981,1960,57.65696198,42.34303802
Alaska,60762,29809,30953,1960,49.05862217,50.94137783
Arizona,398491,176781,221241,1960,44.41488159,55.58511841
Arkansas,428509,215049,184508,1960,53.82185771,46.17814229
California,6506578,3224099,3259722,1960,49.72529316,50.27470684
Colorado,736236,330629,402242,1960,45.11421519,54.88578481
Connecticut,1222883,657055,565813,1960,53.73065613,46.26934387
Delaware,196683,99590,96373,1960,50.82081822,49.17918178
Florida,1544176,748700,795476,1960,48.48540581,51.51459419
Georgia,733349,458638,274472,1960,62.560598,37.439402
Hawaii,184705,92410,92295,1960,50.03113072,49.96886928
Idaho,300450,138853,161597,1960,46.21501082,53.78498918
Illinois,4757409,2377846,2368988,1960,50.0933043,49.9066957
Indiana,2135360,952358,1175120,1960,44.76464621,55.23535379
Iowa,1273810,550565,722381,1960,43.25124554,56.74875446
Kansas,928825,363213,561474,1960,39.27956162,60.72043838
Kentucky,1124462,521855,602607,1960,46.40930507,53.59069493
Louisiana,807891,407339,230980,1960,63.81433108,36.18566892
Maine,421767,181159,240608,1960,42.9523884,57.0476116
Maryland,1055349,565808,489538,1960,53.61350685,46.38649315
Massachusetts,2469480,1487174,976750,1960,60.35794935,39.64205065
Michigan,3318097,1687269,1620428,1960,51.01038578,48.98961422
Minnesota,1541887,779933,757915,1960,50.71587049,49.28412951
Mississippi,298171,108362,73561,1960,59.56476092,40.43523908
Missouri,1934422,972201,962221,1960,50.25795819,49.74204181
Montana,277579,134891,141841,1960,48.74427244,51.25572756
Nebraska,613095,232542,380553,1960,37.92919531,62.07080469
Nevada,107267,54880,52387,1960,51.16205357,48.83794643
New Hampshire,295761,137772,157989,1960,46.58220658,53.41779342
New Jersey,2773111,1385415,1363324,1960,50.40183881,49.59816119
New Mexico,311107,156027,153733,1960,50.37028667,49.62971333
New York,7291079,3830085,3446419,1960,52.6363347,47.3636653
North Carolina,1368556,713136,655420,1960,52.1086459,47.8913541
North Dakota,278431,123963,154310,1960,44.54726114,55.45273886
Ohio,4161859,1944248,2217611,1960,46.71585462,53.28414538
Oklahoma,903150,370111,533039,1960,40.98001439,59.01998561
Oregon,776421,367402,408060,1960,47.378466,52.621534
Pennsylvania,5006541,2556282,2439956,1960,51.1641359,48.8358641
Rhode Island,405535,258032,147502,1960,63.62771062,36.37228938
South Carolina,386688,198129,188558,1960,51.23756423,48.76243577
South Dakota,306487,128070,178417,1960,41.78643792,58.21356208
Tennessee,1051792,481453,556577,1960,46.3814148,53.6185852
Texas,2311084,1167567,1121310,1960,51.0104737,48.9895263
Utah,374709,169248,205361,1960,45.17990758,54.82009242
Vermont,167324,69186,98131,1960,41.35025132,58.64974868
Virginia,771449,362327,404521,1960,47.24886809,52.75113191
Washington,1241572,599298,629273,1960,48.78008678,51.21991322
West Virginia,837781,441786,395995,1960,52.7328741,47.2671259
Wisconsin,1729082,830805,895175,1960,48.13526229,51.86473771
Wyoming,140782,63331,77451,1960,44.98515435,55.01484565
Alabama,689818,NA,479085,1964,NA,NA
Alaska,67259,44329,22930,1964,65.90790824,34.09209176
Arizona,480770,237753,242535,1964,49.5021737,50.4978263
Arkansas,560426,314197,243264,1964,56.3621491,43.6378509
California,7057586,4171877,2879108,1964,59.16729365,40.83270635
Colorado,776986,476024,296767,1964,61.59802586,38.40197414
Connecticut,1218578,826269,390996,1964,67.87913889,32.12086111
Delaware,201320,122704,78078,1964,61.11304798,38.88695202
District of Columbia,198597,169796,28801,1964,85.49776683,14.50223317
Florida,1854481,948540,905941,1964,51.14854237,48.85145763
Georgia,1139335,522556,616584,1964,45.87285145,54.12714855
Hawaii,207271,163249,44022,1964,78.7611388,21.2388612
Idaho,292477,148920,143557,1964,50.91682423,49.08317577
Illinois,4702841,2796833,1905946,1964,59.47192075,40.52807925
Indiana,2091606,1170848,911118,1964,56.23761387,43.76238613
Iowa,1184539,733030,449148,1964,62.00673672,37.99326328
Kansas,857901,464028,386579,1964,54.55257246,45.44742754
Kentucky,1046105,669659,372977,1964,64.22749646,35.77250354
Louisiana,896293,387068,509225,1964,43.18543155,56.81456845
Maine,380965,262264,118701,1964,68.84201961,31.15798039
Maryland,1116457,730912,385495,1964,65.4700302,34.5299698
Massachusetts,2344798,1786422,549727,1964,76.46866702,23.53133298
Michigan,3203102,2136615,1060152,1964,66.83674475,33.16325525
Minnesota,1554462,991117,559624,1964,63.91247797,36.08752203
Mississippi,409146,52618,356528,1964,12.8604459,87.1395541
Missouri,1817879,1164344,653535,1964,64.04958746,35.95041254
Montana,278628,164246,113032,1964,59.23513586,40.76486414
Nebraska,584154,307307,276847,1964,52.6071892,47.3928108
Nevada,135433,79339,56094,1964,58.58173414,41.41826586
New Hampshire,288093,184064,104029,1964,63.89047981,36.10952019
New Jersey,2847663,1868231,964174,1964,65.95917604,34.04082396
New Mexico,328645,194015,132838,1964,59.35848837,40.64151163
New York,7166275,4913102,2243559,1964,68.65075766,31.34924234
North Carolina,1424983,800139,624844,1964,56.15077513,43.84922487
North Dakota,258389,149784,108207,1964,58.05783923,41.94216077
Ohio,3969196,2498331,1470865,1964,62.94299904,37.05700096
Oklahoma,932499,519834,412665,1964,55.74633324,44.25366676
Oregon,786305,501017,282779,1964,63.92186232,36.07813768
Pennsylvania,4822690,3130954,1673657,1964,65.16560862,34.83439138
Rhode Island,390091,315463,74615,1964,80.87177436,19.12822564
South Carolina,524779,215723,309048,1964,41.10802617,58.89197383
South Dakota,293118,163010,130108,1964,55.61241548,44.38758452
Tennessee,1143946,634947,508965,1964,55.50662988,44.49337012
Texas,2626811,1663185,958566,1964,63.43794662,36.56205338
Utah,401413,219628,181785,1964,54.71372377,45.28627623
Vermont,163089,108127,54942,1964,66.307514,33.692486
Virginia,1042267,558038,481334,1964,53.68992045,46.31007955
Washington,1258556,779881,470366,1964,62.37815408,37.62184592
West Virginia,792040,538087,253953,1964,67.93684662,32.06315338
Wisconsin,1691815,1050424,638495,1964,62.19504902,37.80495098
Wyoming,142716,80718,61998,1964,56.55847978,43.44152022
Alabama,1049922,196579,146923,1968,57.22790551,42.77209449
Alaska,83035,35411,37600,1968,48.50091082,51.49908918
Arizona,486936,170514,266721,1968,38.99825037,61.00174963
Arkansas,619969,188228,190759,1968,49.66608353,50.33391647
California,7251587,3244318,3467664,1968,48.33621425,51.66378575
Colorado,811199,335174,409345,1968,45.01886453,54.98113547
Connecticut,1256232,621561,556721,1968,52.75146357,47.24853643
Delaware,214367,89194,96714,1968,47.97749424,52.02250576
District of Columbia,170578,139566,31012,1968,81.81946089,18.18053911
Florida,2187805,676794,886804,1968,43.28439919,56.71560081
Georgia,1250266,334440,380111,1968,46.80421691,53.19578309
Hawaii,236218,141324,91425,1968,60.71948752,39.28051248
Idaho,291183,89273,165369,1968,35.05823863,64.94176137
Illinois,4619749,2039814,2174774,1968,48.39889451,51.60110549
Indiana,2123597,806659,1067885,1968,43.03227878,56.96772122
Iowa,1167931,476699,619106,1968,43.5021742,56.4978258
Kansas,872783,302996,478674,1968,38.7626492,61.2373508
Kentucky,1055893,397541,462411,1968,46.22827786,53.77172214
Louisiana,1097450,309615,257535,1968,54.59137794,45.40862206
Maine,392936,217312,169254,1968,56.21601486,43.78398514
Maryland,1235039,538310,517995,1968,50.96160673,49.03839327
Massachusetts,2331752,1469218,766844,1968,65.70560208,34.29439792
Michigan,3306250,1593082,1370665,1968,53.75229397,46.24770603
Minnesota,1588506,857738,658643,1968,56.56480792,43.43519208
Mississippi,654509,150644,88516,1968,62.98879411,37.01120589
Missouri,1809502,791444,811932,1968,49.36109808,50.63890192
Montana,274404,114117,138835,1968,45.11409279,54.88590721
Nebraska,536851,170784,321163,1968,34.71593485,65.28406515
Nevada,154218,60598,73188,1968,45.29472441,54.70527559
New Hampshire,297298,130589,154903,1968,45.74173707,54.25826293
New Jersey,2875395,1264206,1325467,1968,48.81720588,51.18279412
New Mexico,327350,130081,169692,1968,43.3931675,56.6068325
New York,6791688,3378470,3007932,1968,52.90099183,47.09900817
North Carolina,1587493,464113,627192,1968,42.52825745,57.47174255
North Dakota,247882,94769,138669,1968,40.59707503,59.40292497
Ohio,3959698,1700586,1791014,1968,48.70506358,51.29493642
Oklahoma,943086,301658,449697,1968,40.14853165,59.85146835
Oregon,819622,358866,408433,1968,46.77003359,53.22996641
Pennsylvania,4747928,2259405,2090017,1968,51.94724724,48.05275276
Rhode Island,385000,246518,122359,1968,66.82932251,33.17067749
South Carolina,666978,197486,254062,1968,43.73532825,56.26467175
South Dakota,281264,118023,149841,1968,44.06079204,55.93920796
Tennessee,1248617,351233,472592,1968,42.63441872,57.36558128
Texas,3079216,1266804,1227844,1968,50.78087169,49.21912831
Utah,422568,156665,238728,1968,39.62260333,60.37739667
Vermont,161404,70255,85142,1968,45.21001049,54.78998951
Virginia,1361491,442387,590319,1968,42.83765176,57.16234824
Washington,1304281,616037,588510,1968,51.14262872,48.85737128
West Virginia,754206,374091,307555,1968,54.88053917,45.11946083
Wisconsin,1691538,748804,809997,1968,48.03717729,51.96282271
Wyoming,127205,45173,70927,1968,38.9086994,61.0913006
Alabama,1006111,256923,728701,1972,26.06703976,73.93296024
Alaska,95219,32967,55349,1972,37.3284569,62.6715431
Arizona,622926,198540,402812,1972,33.01560484,66.98439516
Arkansas,651320,199892,448541,1972,30.826932,69.173068
California,8367862,3475847,4602096,1972,43.02886267,56.97113733
Colorado,953884,329980,597189,1972,35.59005963,64.40994037
Connecticut,1384277,555498,810763,1972,40.65826368,59.34173632
Delaware,235516,92283,140357,1972,39.66772696,60.33227304
District of Columbia,163421,127627,35226,1972,78.36944975,21.63055025
Florida,2583283,718117,1857759,1972,27.87855471,72.12144529
Georgia,1174772,289529,881496,1972,24.7244081,75.2755919
Hawaii,270274,101409,168865,1972,37.52081221,62.47918779
Idaho,310379,80826,199384,1972,28.84479498,71.15520502
Illinois,4723236,1913472,2788179,1972,40.697874,59.302126
Indiana,2125529,708568,1405154,1972,33.52228912,66.47771088
Iowa,1225944,496206,706207,1972,41.2675179,58.7324821
Kansas,916095,270287,619812,1972,30.36594806,69.63405194
Kentucky,1067499,371159,676446,1972,35.42928871,64.57071129
Louisiana,1051491,298142,686852,1972,30.26840773,69.73159227
Maine,417042,160584,256458,1972,38.50547427,61.49452573
Maryland,1353812,505781,829305,1972,37.88377678,62.11622322
Massachusetts,2458756,1332540,1112078,1972,54.50912985,45.49087015
Michigan,3489727,1459435,1961721,1972,42.65911873,57.34088127
Minnesota,1741652,802346,898269,1972,47.17975556,52.82024444
Mississippi,645963,126782,505125,1972,20.0633954,79.9366046
Missouri,1855803,697147,1153852,1972,37.66328345,62.33671655
Montana,317603,120197,183976,1972,39.51599912,60.48400088
Nebraska,576289,169991,406298,1972,29.49752641,70.50247359
Nevada,181766,66016,115750,1972,36.31922362,63.68077638
New Hampshire,334055,116435,213724,1972,35.26634137,64.73365863
New Jersey,2997229,1102211,1845502,1972,37.39207311,62.60792689
New Mexico,386241,141084,235606,1972,37.45360907,62.54639093
New York,7165919,2951084,4192778,1972,41.3093646,58.6906354
North Carolina,1518612,438705,1054889,1972,29.3724399,70.6275601
North Dakota,280514,100384,174109,1972,36.57069579,63.42930421
Ohio,4094787,1558889,2441827,1972,38.96525022,61.03474978
Oklahoma,1029900,247147,759025,1972,24.56309657,75.43690343
Oregon,927946,392760,486686,1972,44.65993364,55.34006636
Pennsylvania,4592106,1796951,2714521,1972,39.83070271,60.16929729
Rhode Island,415808,194645,220383,1972,46.89924535,53.10075465
South Carolina,673960,186824,477044,1972,28.14173902,71.85826098
South Dakota,307415,139945,166476,1972,45.67082543,54.32917457
Tennessee,1201182,357293,813147,1972,30.52638324,69.47361676
Texas,3471281,1154289,2298896,1972,33.42679295,66.57320705
Utah,478476,126284,323643,1972,28.06766431,71.93233569
Vermont,186947,68174,117149,1972,36.78658342,63.21341658
Virginia,1457019,438887,988493,1972,30.74773361,69.25226639
Washington,1470847,568334,837135,1972,40.43732021,59.56267979
West Virginia,762399,277435,484964,1972,36.38973818,63.61026182
Wisconsin,1852890,810174,989430,1972,45.01957097,54.98042903
Wyoming,145570,44358,100464,1972,30.62932427,69.37067573
