year,state,VEP,VAP,turnout,turnout_pct
2014,United States,227157964,245712915,81687059,36.00%
2014,Alabama,3588783,3751844,1180413,32.90%
2014,Alaska,520562,553473,282382,54.20%
2014,Arizona,4510186,5110890,1506416,33.40%
2014,Arkansas,2117881,2263040,848592,40.10%
2014,California,24440416,29646675,7317581,29.90%
2014,Colorado,3800664,4128890,2041020,53.70%
2014,Connecticut,2577311,2828791,1089880,42.30%
2014,Delaware,681526,735156,234038,34.30%
2014,District of Columbia,495899,547228,175071,35.30%
2014,Florida,13914216,15816663,5951561,42.80%
2014,Georgia,6725041,7601982,2567761,38.20%
2014,Hawaii,1012123,1113693,366125,36.20%
2014,Idaho,1119882,1205611,439830,39.30%
2014,Illinois,9028752,9922399,3627690,40.20%
2014,Indiana,4829510,5033872,1341814,27.80%
2014,Iowa,2269179,2386733,1129700,49.80%
2014,Kansas,2048164,2184712,869502,42.50%
2014,Kentucky,3247300,3406506,1435868,44.20%
2014,Louisiana,3349433,3545845,1472039,43.90%
2014,Maine,1051557,1071521,611255,58.10%
2014,Maryland,4154546,4645171,1733177,41.70%
2014,Massachusetts,4896296,5369534,2158326,44.10%
2014,Michigan,7383958,7700110,3156531,42.70%
2014,Minnesota,3935121,4194166,1981511,50.40%
2014,Mississippi,2181131,2267463,631858,29.00%
2014,Missouri,4493722,4682458,1426303,31.70%
2014,Montana,787748,802644,369826,46.90%
2014,Nebraska,1334453,1419489,539891,40.50%
2014,Nevada,1867644,2173640,547349,29.30%
2014,New Hampshire,1025862,1061054,488159,47.60%
2014,New Jersey,6014127,6936661,1869535,31.10%
2014,New Mexico,1449503,1586442,512805,35.40%
2014,New York,13553426,15544111,3819010,28.20%
2014,North Carolina,7143737,7693406,2915281,40.80%
2014,North Dakota,567221,582205,248670,43.80%
2014,Ohio,8701243,8969074,3055913,35.10%
2014,Oklahoma,2755091,2940437,824831,29.90%
2014,Oregon,2887517,3115883,1469717,50.90%
2014,Pennsylvania,9689491,10100271,3495866,36.10%
2014,Rhode Island,776286,842605,324055,41.70%
2014,South Carolina,3584461,3760480,1246301,34.80%
2014,South Dakota,630989,647810,279412,44.30%
2014,Tennessee,4799476,5060636,1374065,28.60%
2014,Texas,16675420,19847831,4727208,28.30%
2014,Utah,1905801,2054936,565970,29.70%
2014,Vermont,495884,507304,193087,38.90%
2014,Virginia,5962456,6489957,2184473,36.60%
2014,Washington,4928407,5467270,2029189,41.20%
2014,West Virginia,1447652,1472594,451498,31.20%
2014,Wisconsin,4260427,4470265,2410314,56.60%
2014,Wyoming,431434,451484,168390,39.00%
2012,United States,222474111,240957993,129070906,58.00%
2012,Alabama,3539217,3707440,2074338,58.60%
2012,Alaska,511792,543763,300495,58.70%
2012,Arizona,4387900,4959270,2306559,52.60%
2012,Arkansas,2109847,2242740,1069468,50.70%
2012,California,23681837,28913129,13038547,55.10%
2012,Colorado,3675871,3981208,2569522,69.90%
2012,Connecticut,2543202,2801375,1558960,61.30%
2012,Delaware,663967,715708,413921,62.30%
2012,District of Columbia,477582,528848,293764,61.50%
2012,Florida,13495057,15380947,8474179,62.80%
2012,Georgia,6606607,7452696,3900050,59.00%
2012,Hawaii,982902,1088335,434697,44.20%
2012,Idaho,1091410,1173727,652274,59.80%
2012,Illinois,8899143,9827043,5242014,58.90%
2012,Indiana,4755291,4960376,2624534,55.20%
2012,Iowa,2251748,2356209,1582180,70.30%
2012,Kansas,2030686,2162442,1156254,56.90%
2012,Kentucky,3229185,3368684,1797212,55.70%
2012,Louisiana,3311626,3495847,1994065,60.20%
2012,Maine,1046008,1064779,713180,68.20%
2012,Maryland,4063582,4553853,2707327,66.60%
2012,Massachusetts,4809675,5263550,3167767,65.90%
2012,Michigan,7312725,7625576,4730961,64.70%
2012,Minnesota,3861598,4114820,2936561,76.00%
2012,Mississippi,2166825,2246931,1285584,59.30%
2012,Missouri,4432957,4628500,2757323,62.20%
2012,Montana,774476,785454,484048,62.50%
2012,Nebraska,1316915,1396507,794379,60.30%
2012,Nevada,1800969,2105976,1014918,56.40%
2012,New Hampshire,1013420,1047978,710972,70.20%
2012,New Jersey,5918182,6847503,3640292,61.50%
2012,New Mexico,1436363,1573400,783757,54.60%
2012,New York,13324107,15344671,7074723,53.10%
2012,North Carolina,6947954,7496980,4505372,64.80%
2012,North Dakota,539164,549955,322627,59.80%
2012,Ohio,8649495,8896930,5580822,64.50%
2012,Oklahoma,2713268,2885093,1334872,49.20%
2012,Oregon,2836101,3050747,1789270,63.10%
2012,Pennsylvania,9651432,10037099,5742040,59.50%
2012,Rhode Island,768918,834983,446049,58.00%
2012,South Carolina,3486838,3662322,1964118,56.30%
2012,South Dakota,613190,631472,363815,59.30%
2012,Tennessee,4736084,4976284,2458577,51.90%
2012,Texas,16119973,19185395,7993851,49.60%
2012,Utah,1833339,1978956,1017440,55.50%
2012,Vermont,493355,502242,299290,60.70%
2012,Virginia,5834676,6348827,3854489,66.10%
2012,Washington,4822060,5329782,3125516,64.80%
2012,West Virginia,1447066,1472642,670438,46.30%
2012,Wisconsin,4209370,4417273,3068434,72.90%
2012,Wyoming,425142,441726,249061,58.60%
2010,United States,217551109,236022989,89099476,41.00%
2010,Alabama,3472582,3661784,1494273,43.00%
2010,Alaska,493764,528744,256192,51.90%
2010,Arizona,4209544,4807398,1727791,41.00%
2010,Arkansas,2081156,2216171,781333,37.50%
2010,California,22946053,28167234,10095485,44.00%
2010,Colorado,3533054,3843619,1787730,50.60%
2010,Connecticut,2512981,2765843,1153115,45.90%
2010,Delaware,646969,696940,307402,47.50%
2010,District of Columbia,458619,506765,132656,28.90%
2010,Florida,12961184,14916066,5411106,41.70%
2010,Georgia,6464845,7255919,2576161,39.80%
2010,Hawaii,959531,1062593,382563,39.90%
2010,Idaho,1069446,1147210,452535,42.30%
2010,Illinois,8798829,9735944,3729989,42.40%
2010,Indiana,4697111,4896656,1744481,37.10%
2010,Iowa,2234516,2328262,1116063,49.90%
2010,Kansas,2011497,2137815,838790,41.70%
2010,Kentucky,3198093,3332204,1356468,42.40%
2010,Louisiana,3249524,3438247,1264994,38.90%
2010,Maine,1038201,1055605,572766,55.20%
2010,Maryland,4001034,4449617,1857880,46.40%
2010,Massachusetts,4693670,5152976,2297039,48.90%
2010,Michigan,7245281,7555742,3226088,44.50%
2010,Minnesota,3802677,4041199,2107021,55.40%
2010,Mississippi,2129334,2220094,788549,37.00%
2010,Missouri,4366435,4581260,1943899,44.50%
2010,Montana,758653,770601,360341,47.50%
2010,Nebraska,1301483,1375023,487988,37.50%
2010,Nevada,1747288,2046400,721404,41.30%
2010,New Hampshire,999918,1033023,456588,45.70%
2010,New Jersey,5834037,6750869,2121584,36.40%
2010,New Mexico,1408872,1552212,602827,42.80%
2010,New York,13135048,15111583,4658586,35.50%
2010,North Carolina,6785463,7310093,2660079,39.20%
2010,North Dakota,516974,527497,238812,46.20%
2010,Ohio,8571952,8826908,3852453,44.90%
2010,Oklahoma,2666767,2839030,1034767,38.80%
2010,Oregon,2760607,2984806,1453548,52.70%
2010,Pennsylvania,9565822,9946290,3987551,41.70%
2010,Rhode Island,763534,829913,342290,44.80%
2010,South Carolina,3388417,3571250,1344198,39.70%
2010,South Dakota,599507,616113,317083,52.90%
2010,Tennessee,4622919,4878724,1601549,34.60%
2010,Texas,15514007,18487369,4979870,32.10%
2010,Utah,1772934,1914974,643307,36.30%
2010,Vermont,488942,498254,241605,49.40%
2010,Virginia,5660589,6194717,2189841,38.70%
2010,Washington,4724350,5190736,2511094,53.20%
2010,West Virginia,1442003,1468812,529948,36.80%
2010,Wisconsin,4172130,4365214,2171331,52.00%
2010,Wyoming,414536,430673,188463,45.50%
2008,United States,213313508,230872030,131304731,61.60%
2008,Alabama,3454510,3595708,2099819,60.80%
2008,Alaska,479429,507645,326197,68.00%
2008,Arizona,4046075,4673718,2293475,56.70%
2008,Arkansas,2071563,2174846,1086617,52.50%
2008,California,22261504,27411094,13561900,60.90%
2008,Colorado,3382959,3708955,2401361,71.00%
2008,Connecticut,2471082,2725917,1646792,66.60%
2008,Delaware,628200,680493,412398,65.60%
2008,District of Columbia,432566,481971,265853,61.50%
2008,Florida,12687407,14558436,8390744,66.10%
2008,Georgia,6281872,7063638,3924440,62.50%
2008,Hawaii,930067,1036088,453568,48.80%
2008,Idaho,1029416,1117842,655032,63.60%
2008,Illinois,8681138,9615700,5523051,63.60%
2008,Indiana,4653019,4826231,2751054,59.10%
2008,Iowa,2216094,2298515,1537123,69.40%
2008,Kansas,1991759,2100084,1235872,62.00%
2008,Kentucky,3152629,3277617,1826508,57.90%
2008,Louisiana,3205794,3342279,1960761,61.20%
2008,Maine,1036242,1049816,731163,70.60%
2008,Maryland,3925117,4342850,2631596,67.00%
2008,Massachusetts,4612550,5058035,3080985,66.80%
2008,Michigan,7229512,7528460,5001766,69.20%
2008,Minnesota,3740142,3975974,2910369,77.80%
2008,Mississippi,2113347,2190402,1289856,61.00%
2008,Missouri,4327572,4507688,2925205,67.60%
2008,Montana,741853,755384,491960,66.30%
2008,Nebraska,1274719,1348048,801281,62.90%
2008,Nevada,1696831,2000277,967848,57.00%
2008,New Hampshire,992226,1021787,710970,71.70%
2008,New Jersey,5776527,6651284,3868237,67.00%
2008,New Mexico,1362629,1505830,830158,60.90%
2008,New York,12948969,14876971,7640640,59.00%
2008,North Carolina,6584302,7096503,4310789,65.50%
2008,North Dakota,504762,512768,316621,62.70%
2008,Ohio,8513079,8757453,5698260,66.90%
2008,Oklahoma,2619121,2770219,1462661,55.80%
2008,Oregon,2700327,2916246,1827864,67.70%
2008,Pennsylvania,9457942,9813664,6012692,63.60%
2008,Rhode Island,763608,825786,471766,61.80%
2008,South Carolina,3311044,3473488,1920969,58.00%
2008,South Dakota,590720,602539,381975,64.70%
2008,Tennessee,4563192,4771926,2599749,57.00%
2008,Texas,14929810,17756112,8077795,54.10%
2008,Utah,1700286,1840087,952370,56.00%
2008,Vermont,482677,492610,325046,67.30%
2008,Virginia,5555415,6022123,3723260,67.00%
2008,Washington,4561163,5032960,3036878,66.60%
2008,West Virginia,1430439,1453045,713362,49.90%
2008,Wisconsin,4120694,4306876,2983417,72.40%
2008,Wyoming,405732,418040,254658,62.80%
2006,United States,207643594,225485399,83815592,40.40%
2006,Alabama,3338467,3513952,1250401,37.50%
2006,Alaska,465169,492452,237322,51.00%
2006,Arizona,3923786,4490327,1526782,38.90%
2006,Arkansas,2004193,2130080,774680,38.70%
2006,California,21582217,26739781,8679416,40.20%
2006,Colorado,3297308,3569901,1558405,47.30%
2006,Connecticut,2437559,2683538,1134780,46.60%
2006,Delaware,601341,659410,254099,42.30%
2006,District of Columbia,426612,466827,120620,28.30%
2006,Florida,12187858,14211669,4829270,39.60%
2006,Georgia,6115331,6799654,2122258,34.70%
2006,Hawaii,908925,1012975,344315,37.90%
2006,Idaho,993010,1072895,450832,45.40%
2006,Illinois,8667453,9483856,3486671,40.20%
2006,Indiana,4559294,4743856,1666922,36.60%
2006,Iowa,2178322,2267991,1048033,48.10%
2006,Kansas,1948850,2062668,849700,43.60%
2006,Kentucky,3100828,3218000,1253526,40.40%
2006,Louisiana,3043573,3239317,902498,29.70%
2006,Maine,1016287,1037200,550865,54.20%
2006,Maryland,3833349,4261205,1788316,46.70%
2006,Massachusetts,4552794,4970780,2219779,48.80%
2006,Michigan,7292624,7532918,3801256,52.10%
2006,Minnesota,3667707,3896561,2202987,60.10%
2006,Mississippi,2077420,2154112,610921,29.40%
2006,Missouri,4253541,4427266,2128459,50.00%
2006,Montana,720447,734669,406505,56.40%
2006,Nebraska,1251027,1325932,596087,47.60%
2006,Nevada,1579222,1907976,582572,36.90%
2006,New Hampshire,975281,1006234,403531,41.40%
2006,New Jersey,5701033,6565183,2250070,39.50%
2006,New Mexico,1320285,1464560,561084,42.50%
2006,New York,12878632,14665626,4490053,34.90%
2006,North Carolina,6264630,6799585,1940808,31.00%
2006,North Dakota,486142,503647,218152,44.90%
2006,Ohio,8461211,8687609,4022754,47.50%
2006,Oklahoma,2547224,2709819,926462,36.40%
2006,Oregon,2628937,2829482,1379475,52.50%
2006,Pennsylvania,9283762,9680466,4096077,44.10%
2006,Rhode Island,754219,824887,384993,51.00%
2006,South Carolina,3152046,3332190,1091952,34.60%
2006,South Dakota,580592,589178,335508,57.80%
2006,Tennessee,4433921,4641909,1833695,41.40%
2006,Texas,14255313,17029802,4399068,30.90%
2006,Utah,1664323,1752158,571252,34.30%
2006,Vermont,478247,487141,262726,54.90%
2006,Virginia,5385522,5867219,2370445,44.00%
2006,Washington,4403981,4861001,2083734,47.30%
2006,West Virginia,1401490,1439052,459884,32.80%
2006,Wisconsin,4064432,4240696,2161700,53.20%
2006,Wyoming,379127,400187,193892,51.10%
2004,United States,203483455,220336019,122294978,60.10%
2004,Alabama,3292608,3427542,1883415,57.20%
2004,Alaska,452124,476378,312598,69.10%
2004,Arizona,3717055,4215706,2012585,54.10%
2004,Arkansas,1969208,2072986,1054945,53.60%
2004,California,21132533,26246548,12421852,58.80%
2004,Colorado,3192647,3443164,2129630,66.70%
2004,Connecticut,2429634,2652587,1578769,65.00%
2004,Delaware,584817,635370,375190,64.20%
2004,District of Columbia,419142,458758,227586,54.30%
2004,Florida,11811921,13643828,7609810,64.40%
2004,Georgia,5878186,6499325,3301875,56.20%
2004,Hawaii,889540,982882,429013,48.20%
2004,Idaho,946160,1016255,598376,63.20%
2004,Illinois,8576696,9391420,5274322,61.50%
2004,Indiana,4504260,4660157,2468002,54.80%
2004,Iowa,2156389,2239979,1506908,69.90%
2004,Kansas,1928764,2032763,1187756,61.60%
2004,Kentucky,3057741,3157464,1795860,58.70%
2004,Louisiana,3182762,3379937,1943106,61.10%
2004,Maine,1003792,1022043,740752,73.80%
2004,Maryland,3797264,4179376,2386705,62.90%
2004,Massachusetts,4533859,4935787,2912388,64.20%
2004,Michigan,7263024,7508568,4839252,66.60%
2004,Minnesota,3609185,3819020,2828387,78.40%
2004,Mississippi,2068766,2133681,1152365,55.70%
2004,Missouri,4180960,4339414,2731364,65.30%
2004,Montana,699114,711858,450445,64.40%
2004,Nebraska,1236522,1305430,778186,62.90%
2004,Nevada,1501437,1776962,829587,55.30%
2004,New Hampshire,956422,984422,677738,70.90%
2004,New Jersey,5663201,6513394,3611691,63.80%
2004,New Mexico,1282767,1411419,756304,59.00%
2004,New York,12738056,14598898,7391249,58.00%
2004,North Carolina,6055771,6505150,3501007,57.80%
2004,North Dakota,482722,496479,312833,64.80%
2004,Ohio,8427696,8624277,5627908,66.80%
2004,Oklahoma,2510823,2649994,1463758,58.30%
2004,Oregon,2550887,2736472,1836782,72.00%
2004,Pennsylvania,9221962,9554349,5769590,62.60%
2004,Rhode Island,747046,827513,437134,58.50%
2004,South Carolina,3055098,3198733,1617730,53.00%
2004,South Dakota,569161,576472,388215,68.20%
2004,Tennessee,4328446,4496929,2437319,56.30%
2004,Texas,13796256,16284659,7410765,53.70%
2004,Utah,1574463,1664066,927844,58.90%
2004,Vermont,470754,480053,312309,66.30%
2004,Virginia,5277156,5699175,3198367,60.60%
2004,Washington,4272914,4683829,2859084,66.90%
2004,West Virginia,1396545,1425689,755887,54.10%
2004,Wisconsin,4006948,4172068,2997007,74.80%
2004,Wyoming,370785,386796,243428,65.70%
2002,United States,198381939,215461549,78381943,39.50%
2002,Alabama,3285643,3371451,1364602,41.50%
2002,Alaska,427337,457154,231484,54.20%
2002,Arizona,3419481,3998148,1226111,35.90%
2002,Arkansas,1951568,2031787,805696,41.30%
2002,California,20733192,25622609,7476351,36.10%
2002,Colorado,3056465,3362098,1416093,46.30%
2002,Connecticut,2418037,2617814,1022942,42.30%
2002,Delaware,564938,612919,232314,41.10%
2002,District of Columbia,412062,458631,124228,30.10%
2002,Florida,11194391,13005435,5100581,45.60%
2002,Georgia,5731983,6287215,2031604,35.40%
2002,Hawaii,872992,950520,382110,43.80%
2002,Idaho,921256,970916,411477,44.70%
2002,Illinois,8540965,9302571,3538883,41.40%
2002,Indiana,4494191,4587747,1521353,33.90%
2002,Iowa,2136683,2214936,1023075,47.90%
2002,Kansas,1897261,2007407,835692,44.00%
2002,Kentucky,3044267,3100972,1131313,37.20%
2002,Louisiana,3163663,3312330,1246333,39.40%
2002,Maine,995056,1001796,505190,50.80%
2002,Maryland,3678346,4082694,1704560,46.30%
2002,Massachusetts,4458820,4919958,2194189,49.20%
2002,Michigan,7147888,7445335,3177565,44.50%
2002,Minnesota,3518184,3745577,2254639,64.10%
2002,Mississippi,2047426,2099698,615609,30.10%
2002,Missouri,4116889,4262146,1877620,45.60%
2002,Montana,684572,690652,331321,48.40%
2002,Nebraska,1204512,1285024,480991,39.90%
2002,Nevada,1391100,1640679,504079,36.20%
2002,New Hampshire,930362,960401,447135,48.10%
2002,New Jersey,5549726,6448445,2112604,38.10%
2002,New Mexico,1255086,1360130,484229,38.60%
2002,New York,12679865,14504792,4579078,36.10%
2002,North Carolina,5876705,6314679,2331181,39.70%
2002,North Dakota,476251,486797,231030,48.50%
2002,Ohio,8322521,8556557,3228992,38.80%
2002,Oklahoma,2513143,2610016,1035620,41.20%
2002,Oregon,2495739,2674581,1267221,50.80%
2002,Pennsylvania,9143001,9454338,3545431,38.80%
2002,Rhode Island,741776,819310,331834,44.70%
2002,South Carolina,2982810,3100548,1102010,36.90%
2002,South Dakota,556154,564305,337497,60.70%
2002,Tennessee,4151834,4393757,1644741,39.60%
2002,Texas,13181016,15718593,4514012,34.20%
2002,Utah,1504529,1601707,557153,37.00%
2002,Vermont,471403,472402,230161,48.80%
2002,Virginia,5138270,5536511,1489422,29.00%
2002,Washington,4162032,4553733,1739116,41.80%
2002,West Virginia,1398124,1413580,436183,31.20%
2002,Wisconsin,3908088,4094028,1775349,45.40%
2002,Wyoming,370488,376121,185459,50.10%
2000,United States,194331436,210623408,105375486,54.20%
2000,Alabama,3241682,3334576,1672551,51.60%
2000,Alaska,419111,440296,285560,68.10%
2000,Arizona,3357701,3816498,1532016,45.60%
2000,Arkansas,1925961,2001774,921781,47.90%
2000,California,19685258,24867252,10965849,55.70%
2000,Colorado,3026316,3246521,1741368,57.50%
2000,Connecticut,2357687,2575243,1459525,61.90%
2000,Delaware,554863,594256,327529,59.00%
2000,District of Columbia,416696,458301,201355,48.30%
2000,Florida,10667193,12475387,5963110,55.90%
2000,Georgia,5639668,6087332,2583208,45.80%
2000,Hawaii,832642,923737,367951,44.20%
2000,Idaho,877406,935443,501615,57.20%
2000,Illinois,8432600,9208908,4742123,56.20%
2000,Indiana,4424909,4527523,2182295,49.30%
2000,Iowa,2082950,2199529,1315563,63.20%
2000,Kansas,1927950,1983933,1072216,55.60%
2000,Kentucky,2955628,3059582,1544107,52.20%
2000,Louisiana,3130267,3260060,1765656,56.40%
2000,Maine,969292,979314,651817,67.20%
2000,Maryland,3649631,3972224,2025480,55.50%
2000,Massachusetts,4517052,4870470,2704984,59.90%
2000,Michigan,7070702,7370524,4232501,59.90%
2000,Minnesota,3506432,3662005,2438657,69.50%
2000,Mississippi,2024650,2076861,994184,49.10%
2000,Missouri,4052255,4190073,2359892,58.20%
2000,Montana,667525,676065,410986,61.60%
2000,Nebraska,1224178,1266496,696983,56.90%
2000,Nevada,1346116,1523209,608970,45.20%
2000,New Hampshire,890622,934176,569081,63.90%
2000,New Jersey,5601788,6356954,3187226,56.90%
2000,New Mexico,1234088,1318129,598605,48.50%
2000,New York,12380208,14344348,6821999,55.10%
2000,North Carolina,5744241,6143214,2911262,50.70%
2000,North Dakota,477968,482078,288256,60.30%
2000,Ohio,8295592,8487355,4705457,56.70%
2000,Oklahoma,2475220,2568304,1234229,49.90%
2000,Oregon,2364402,2595354,1533968,64.90%
2000,Pennsylvania,9086897,9375146,4912185,54.10%
2000,Rhode Island,753877,804417,408783,54.20%
2000,South Carolina,2944326,3025380,1382717,47.00%
2000,South Dakota,548498,554875,316269,57.70%
2000,Tennessee,4162996,4316391,2076181,49.90%
2000,Texas,13033081,15138468,6407037,49.20%
2000,Utah,1431668,1534950,770754,53.80%
2000,Vermont,459174,463503,294308,64.10%
2000,Virginia,5069265,5389008,2739447,54.00%
2000,Washington,4098044,4419907,2487433,60.70%
2000,West Virginia,1390365,1405021,648124,46.60%
2000,Wisconsin,3842044,4016401,2598607,67.60%
2000,Wyoming,361078,366639,213726,59.20%
1998,United States,190419570,205313182,72537000,38.10%
1998,Alabama,3202052,3293917,1317842,41.20%
1998,Alaska,408758,429317,223300,54.60%
1998,Arizona,3232815,3628841,1017616,31.50%
1998,Arkansas,1882181,1951741,706011,37.50%
1998,California,19264556,23980067,8381871,43.50%
1998,Colorado,2879973,3085075,1327235,46.10%
1998,Connecticut,2340956,2544417,999537,42.70%
1998,Delaware,540896,576849,180527,33.40%
1998,District of Columbia,398318,452668,135501,34.00%
1998,Florida,10590870,12001902,3965751,37.40%
1998,Georgia,5326337,5828114,1792880,33.70%
1998,Hawaii,832172,910645,407556,49.00%
1998,Idaho,843914,896422,381248,45.20%
1998,Illinois,8285614,9070725,3394521,41.00%
1998,Indiana,4348730,4457578,1588617,36.50%
1998,Iowa,2112132,2176940,956415,45.30%
1998,Kansas,1873438,1955236,727236,38.80%
1998,Kentucky,2930780,2999287,1145414,39.10%
1998,Louisiana,3097660,3216121,969165,31.30%
1998,Maine,943577,957916,486808,51.60%
1998,Maryland,3571087,3879108,1535978,43.00%
1998,Massachusetts,4430939,4793966,1903336,43.00%
1998,Michigan,7005306,7276123,3036886,43.40%
1998,Minnesota,3378089,3555108,2091766,61.90%
1998,Mississippi,1995283,2038324,550694,27.60%
1998,Missouri,3978146,4106478,1576857,39.60%
1998,Montana,653998,662582,331551,50.70%
1998,Nebraska,1197953,1247656,545238,45.50%
1998,Nevada,1233386,1402851,435790,35.30%
1998,New Hampshire,878508,903630,318940,36.30%
1998,New Jersey,5505229,6261197,1813094,32.90%
1998,New Mexico,1199320,1286104,498703,41.60%
1998,New York,12263356,14139223,4735236,38.60%
1998,North Carolina,5624292,5948653,2012143,35.80%
1998,North Dakota,475629,481790,213358,44.90%
1998,Ohio,8237516,8424249,3404351,41.30%
1998,Oklahoma,2415036,2518285,873585,36.20%
1998,Oregon,2370381,2526500,1117747,47.20%
1998,Pennsylvania,9075961,9314795,3025152,33.30%
1998,Rhode Island,723772,790726,306445,42.30%
1998,South Carolina,2825173,2931120,1077135,38.10%
1998,South Dakota,534711,543074,262111,49.00%
1998,Tennessee,4092745,4217608,976236,23.90%
1998,Texas,12490423,14504988,3738078,29.90%
1998,Utah,1381989,1467078,494909,35.80%
1998,Vermont,444772,453574,218120,49.00%
1998,Virginia,4900523,5222121,1148861,23.40%
1998,Washington,3930400,4294765,1902482,48.40%
1998,West Virginia,1388176,1403549,351277,25.30%
1998,Wisconsin,3801514,3945060,1760836,46.30%
1998,Wyoming,350136,359119,174888,49.90%
1996,United States,186347044,200015917,96262935,51.70%
1996,Alabama,3144249,3227688,1534349,48.80%
1996,Alaska,404180,423702,241620,59.80%
1996,Arizona,3079908,3414380,1404405,45.60%
1996,Arkansas,1844689,1903094,884262,47.90%
1996,California,18644593,23076427,10019484,53.70%
1996,Colorado,2770252,2939929,1510704,54.50%
1996,Connecticut,2337160,2528212,1392614,59.60%
1996,Delaware,528630,559598,270810,51.20%
1996,District of Columbia,398839,450182,185726,46.60%
1996,Florida,10219294,11509122,5300927,51.90%
1996,Georgia,5181708,5555577,2298899,44.40%
1996,Hawaii,820055,895753,360120,43.90%
1996,Idaho,825329,856420,489481,59.30%
1996,Illinois,8215662,8927254,4311391,52.50%
1996,Indiana,4302745,4397367,2135431,49.60%
1996,Iowa,2098332,2154320,1234075,58.80%
1996,Kansas,1856507,1922601,1063452,57.30%
1996,Kentucky,2880808,2938362,1388707,48.20%
1996,Louisiana,3087693,3163302,1783959,57.80%
1996,Maine,929970,944106,605897,65.20%
1996,Maryland,3530148,3817454,1780870,50.40%
1996,Massachusetts,4385268,4723380,2559180,58.40%
1996,Michigan,6954059,7201527,3848844,55.30%
1996,Minnesota,3319509,3473117,2192640,66.10%
1996,Mississippi,1949309,1986327,893857,45.90%
1996,Missouri,3919885,4035666,2158065,55.10%
1996,Montana,645052,652991,407083,63.10%
1996,Nebraska,1188034,1230047,677415,57.00%
1996,Nevada,1134065,1271617,464279,40.90%
1996,New Hampshire,855287,878569,499053,58.30%
1996,New Jersey,5456334,6152216,3075860,56.40%
1996,New Mexico,1172262,1249597,556074,47.40%
1996,New York,12175850,13942462,6316129,51.90%
1996,North Carolina,5435970,5717844,2515807,46.30%
1996,North Dakota,475898,481497,266411,56.00%
1996,Ohio,8185999,8366250,4534434,55.40%
1996,Oklahoma,2368311,2461718,1206713,51.00%
1996,Oregon,2309051,2445442,1377760,59.70%
1996,Pennsylvania,9063470,9283893,4506118,49.70%
1996,Rhode Island,717041,781307,390247,54.40%
1996,South Carolina,2731064,2825088,1151422,42.20%
1996,South Dakota,529793,537038,323826,61.10%
1996,Tennessee,3984092,4094014,1894105,47.50%
1996,Texas,12072149,13887542,5611644,46.50%
1996,Utah,1326919,1394017,665629,50.20%
1996,Vermont,435687,443874,258449,59.30%
1996,Virginia,4811632,5106297,2416642,50.20%
1996,Washington,3829308,4147127,2253867,58.90%
1996,West Virginia,1386621,1400343,636459,45.90%
1996,Wisconsin,3763240,3886906,2196169,58.40%
1996,Wyoming,345112,353354,211571,61.30%
1994,United States,182623348,195258350,75105860,41.10%
1994,Alabama,3095745,3170782,1201969,38.80%
1994,Alaska,399435,417053,213404,53.40%
1994,Arizona,2892171,3169857,1129607,39.10%
1994,Arkansas,1801161,1849361,716840,39.80%
1994,California,18479124,22721586,8658881,46.90%
1994,Colorado,2648684,2785952,1116307,42.10%
1994,Connecticut,2335579,2515100,1147084,49.10%
1994,Delaware,512941,540474,199029,38.80%
1994,District of Columbia,411886,463680,183649,44.60%
1994,Florida,9810247,11016840,4206659,42.90%
1994,Georgia,4978431,5293282,1545328,31.00%
1994,Hawaii,808904,882189,369013,45.60%
1994,Idaho,784076,809957,413346,52.70%
1994,Illinois,8175312,8819582,3106566,38.00%
1994,Indiana,4235008,4315664,1543568,36.40%
1994,Iowa,2077709,2128370,997248,48.00%
1994,Kansas,1837694,1893521,820846,44.70%
1994,Kentucky,2829881,2879413,784299,27.70%
1994,Louisiana,3038660,3109456,826837,27.20%
1994,Maine,918204,932164,511733,55.70%
1994,Maryland,3480270,3751305,1410299,40.50%
1994,Massachusetts,4353287,4668100,2179945,50.10%
1994,Michigan,6856388,7081498,3089077,45.10%
1994,Minnesota,3253779,3385687,1772929,54.50%
1994,Mississippi,1903794,1935054,608085,31.90%
1994,Missouri,3858946,3958762,1775116,46.00%
1994,Montana,622246,629335,350387,56.30%
1994,Nebraska,1164502,1201826,579561,49.80%
1994,Nevada,1032456,1143487,380530,36.90%
1994,New Hampshire,829590,851104,311882,37.60%
1994,New Jersey,5392423,6059401,2054887,38.10%
1994,New Mexico,1128243,1195183,467621,41.40%
1994,New York,12192316,13861352,5203762,42.70%
1994,North Carolina,5244552,5477604,1588190,30.30%
1994,North Dakota,468989,473993,236547,50.40%
1994,Ohio,8132122,8292312,3436884,42.30%
1994,Oklahoma,2327519,2410272,995012,42.70%
1994,Oregon,2229242,2344505,1221010,54.80%
1994,Pennsylvania,9043585,9241090,3585526,39.60%
1994,Rhode Island,716002,776723,361377,50.50%
1994,South Carolina,2663830,2747987,934886,35.10%
1994,South Dakota,518815,524910,311613,60.10%
1994,Tennessee,3850228,3945407,1487130,38.60%
1994,Texas,11719888,13334014,4396242,37.50%
1994,Utah,1248726,1302522,517790,41.50%
1994,Vermont,426953,434549,211449,49.50%
1994,Virginia,4718968,4983515,2057463,43.60%
1994,Washington,3715174,3994036,1700173,45.80%
1994,West Virginia,1379339,1392499,420936,30.50%
1994,Wisconsin,3692668,3801543,1565628,42.40%
1994,Wyoming,337032,344492,201710,59.80%
1992,United States,179655523,190777923,104405155,58.10%
1992,Alabama,3030549,3096959,1688060,55.70%
1992,Alaska,389898,406653,258506,66.30%
1992,Arizona,2671933,2897181,1486975,55.70%
1992,Arkansas,1751083,1789420,950653,54.30%
1992,California,18460157,22573381,11131721,60.30%
1992,Colorado,2494998,2602217,1569180,62.90%
1992,Connecticut,2356937,2521774,1616332,68.60%
1992,Delaware,499266,523661,289735,58.00%
1992,District of Columbia,427102,477564,227572,53.30%
1992,Florida,9506230,10591116,5314392,55.90%
1992,Georgia,4766958,5037354,2311253,48.50%
1992,Hawaii,795148,866114,372842,46.90%
1992,Idaho,734855,756119,482142,65.60%
1992,Illinois,8113900,8688184,5050157,62.20%
1992,Indiana,4162678,4230602,2305871,55.40%
1992,Iowa,2057690,2098809,1354607,65.80%
1992,Kansas,1810750,1857444,1157335,63.90%
1992,Kentucky,2772600,2814763,1492900,53.80%
1992,Louisiana,2997301,3063068,1790017,59.70%
1992,Maine,915082,928998,679499,74.30%
1992,Maryland,3440015,3695298,1985046,57.70%
1992,Massachusetts,4346897,4640629,2773700,63.80%
1992,Michigan,6786593,6990822,4274673,63.00%
1992,Minnesota,3187255,3298080,2347948,73.70%
1992,Mississippi,1854797,1882100,981793,52.90%
1992,Missouri,3792675,3880005,2391565,63.10%
1992,Montana,593345,599859,410611,69.20%
1992,Nebraska,1149525,1178965,737546,64.20%
1992,Nevada,940066,1028056,506318,53.90%
1992,New Hampshire,814160,833997,537943,66.10%
1992,New Jersey,5398559,6000364,3343594,61.90%
1992,New Mexico,1073421,1131081,569986,53.10%
1992,New York,12227775,13799670,6926925,56.60%
1992,North Carolina,5077494,5259564,2611850,51.40%
1992,North Dakota,462631,467130,308133,66.60%
1992,Ohio,8063595,8208502,4939967,61.30%
1992,Oklahoma,2293931,2366029,1390359,60.60%
1992,Oregon,2144867,2241507,1462643,68.20%
1992,Pennsylvania,9010940,9188416,4949810,54.90%
1992,Rhode Island,721593,779266,453471,62.80%
1992,South Carolina,2610725,2683852,1202527,46.10%
1992,South Dakota,503759,508841,336254,66.70%
1992,Tennessee,3726024,3811036,1982638,53.20%
1992,Texas,11356487,12747860,6154018,54.20%
1992,Utah,1162363,1203861,743999,64.00%
1992,Vermont,419810,426860,289701,69.00%
1992,Virginia,4622125,4856799,2558665,55.40%
1992,Washington,3575852,3827227,2288230,64.00%
1992,West Virginia,1365368,1377282,683762,50.10%
1992,Wisconsin,3619273,3712414,2531114,69.90%
1992,Wyoming,324253,331170,200617,61.90%
1990,United States,176629259,186158841,67859189,38.40%
1990,Alabama,2956385,3012797,1215889,41.10%
1990,Alaska,364419,379863,194750,53.40%
1990,Arizona,2523614,2705468,1055406,41.80%
1990,Arkansas,1710799,1742746,696209,40.70%
1990,California,18156500,22061053,7699420,42.40%
1990,Colorado,2366650,2447513,1022027,43.20%
1990,Connecticut,2383795,2538398,1141101,47.90%
1990,Delaware,486760,507016,180152,37.00%
1990,District of Columbia,441742,489808,169066,38.30%
1990,Florida,9145312,10137720,3530871,38.60%
1990,Georgia,4588953,4803269,1449652,31.60%
1990,Hawaii,770836,838633,349666,45.40%
1990,Idaho,690154,707535,320610,46.50%
1990,Illinois,8029525,8535069,3257410,40.60%
1990,Indiana,4080236,4135602,1502687,36.80%
1990,Iowa,2030935,2065490,983933,48.40%
1990,Kansas,1783412,1821368,786096,44.10%
1990,Kentucky,2722356,2755670,916010,33.60%
1990,Louisiana,2959148,3020682,1396113,47.20%
1990,Maine,910982,924839,522181,57.30%
1990,Maryland,3397126,3632477,1111088,32.70%
1990,Massachusetts,4384671,4660342,2341990,53.40%
1990,Michigan,6693069,6872954,2564563,38.30%
1990,Minnesota,3136830,3225335,1806777,57.60%
1990,Mississippi,1824156,1850099,368502,20.20%
1990,Missouri,3740308,3821136,1352552,36.20%
1990,Montana,573045,579158,319336,55.70%
1990,Nebraska,1131746,1154859,593828,52.50%
1990,Nevada,858018,926572,320743,37.40%
1990,New Hampshire,814549,832887,294819,36.20%
1990,New Jersey,5429251,5951541,1938454,35.70%
1990,New Mexico,1026902,1076522,411236,40.00%
1990,New York,12271903,13742688,4056896,33.10%
1990,North Carolina,4938968,5073437,2069585,41.90%
1990,North Dakota,461711,465851,233973,50.70%
1990,Ohio,7975680,8103382,3477650,43.60%
1990,Oklahoma,2251719,2313340,911314,40.50%
1990,Oregon,2057833,2137314,1112847,54.10%
1990,Pennsylvania,8962083,9120122,3052760,34.10%
1990,Rhode Island,725084,780448,364052,50.20%
1990,South Carolina,2537384,2598170,760965,30.00%
1990,South Dakota,494849,499072,258976,52.30%
1990,Tennessee,3624940,3693970,790441,21.80%
1990,Texas,11034190,12232761,3892746,35.30%
1990,Utah,1086050,1116922,442213,40.70%
1990,Vermont,415564,422130,211422,50.90%
1990,Virginia,4512504,4715129,1152854,25.50%
1990,Washington,3421256,3634031,1313217,38.40%
1990,West Virginia,1347723,1358773,404305,30.00%
1990,Wisconsin,3541548,3617625,1379727,39.00%
1990,Wyoming,312961,319255,160109,51.20%
1988,United States,173579281,181955484,91594691,52.80%
1988,Alabama,2901744,2949934,1378476,47.50%
1988,Alaska,355023,369260,200116,56.40%
1988,Arizona,2454254,2609995,1171873,47.70%
1988,Arkansas,1689491,1717388,827738,49.00%
1988,California,17738700,21249801,9887065,55.70%
1988,Colorado,2327768,2396786,1372394,59.00%
1988,Connecticut,2379699,2525021,1443394,60.70%
1988,Delaware,472441,489696,249891,52.90%
1988,District of Columbia,453636,502362,192877,42.50%
1988,Florida,8777510,9651236,4302313,49.00%
1988,Georgia,4459739,4631342,1809672,40.60%
1988,Hawaii,739890,803568,354461,47.90%
1988,Idaho,667345,682522,408968,61.30%
1988,Illinois,7950848,8410414,4559120,57.30%
1988,Indiana,3996319,4045785,2168621,54.30%
1988,Iowa,2021793,2052326,1225614,60.60%
1988,Kansas,1774451,1808604,993044,56.00%
1988,Kentucky,2680364,2709782,1322517,49.30%
1988,Louisiana,2941023,3005785,1628202,55.40%
1988,Maine,888612,901850,555035,62.50%
1988,Maryland,3325582,3535730,1714358,51.60%
1988,Massachusetts,4385728,4642061,2632801,60.00%
1988,Michigan,6608812,6773776,3669163,55.50%
1988,Minnesota,3087194,3166668,2096790,67.90%
1988,Mississippi,1792847,1815826,931527,52.00%
1988,Missouri,3696905,3769751,2093713,56.60%
1988,Montana,568014,573791,365674,64.40%
1988,Nebraska,1125252,1144305,661465,58.80%
1988,Nevada,768131,823940,350067,45.60%
1988,New Hampshire,800468,817358,451074,56.40%
1988,New Jersey,5435008,5904776,3099553,57.00%
1988,New Mexico,1002876,1046754,521287,52.00%
1988,New York,12300666,13659215,6485683,52.70%
1988,North Carolina,4794041,4903045,2134370,44.50%
1988,North Dakota,466684,470652,297261,63.70%
1988,Ohio,7869099,7986220,4393585,55.80%
1988,Oklahoma,2245785,2300258,1171036,52.10%
1988,Oregon,1982355,2055379,1201694,60.60%
1988,Pennsylvania,8892826,9037056,4536251,51.00%
1988,Rhode Island,721773,771407,404620,56.10%
1988,South Carolina,2453644,2504635,986009,40.20%
1988,South Dakota,494034,497633,312991,63.40%
1988,Tennessee,3551452,3609081,1636250,46.10%
1988,Texas,10833436,11877787,5427410,50.10%
1988,Utah,1043170,1069800,647008,62.00%
1988,Vermont,404795,411136,243328,60.10%
1988,Virginia,4396900,4571637,2191609,49.80%
1988,Washington,3282173,3465082,1865253,56.80%
1988,West Virginia,1347692,1358249,653311,48.50%
1988,Wisconsin,3489742,3558322,2191608,62.80%
1988,Wyoming,315073,320695,176551,56.00%
1986,United States,170396029,177922330,64991128,38.10%
1986,Alabama,2869652,2911819,1236230,43.10%
1986,Alaska,351841,364871,180801,51.40%
1986,Arizona,2319046,2452624,866984,37.40%
1986,Arkansas,1681564,1706578,695487,41.40%
1986,California,17166275,20222886,7443551,43.40%
1986,Colorado,2309652,2372880,1060765,45.90%
1986,Connecticut,2344327,2479722,993692,42.40%
1986,Delaware,455609,470828,160757,35.30%
1986,District of Columbia,465993,508553,131802,28.30%
1986,Florida,8384015,9158241,3429996,40.90%
1986,Georgia,4300049,4450093,1224948,28.50%
1986,Hawaii,715459,775534,334115,46.70%
1986,Idaho,663126,677205,387426,58.40%
1986,Illinois,7912733,8343755,3144185,39.70%
1986,Indiana,3943714,3990379,1555505,39.40%
1986,Iowa,2020678,2049547,910623,45.10%
1986,Kansas,1757001,1788426,840605,47.80%
1986,Kentucky,2661218,2687605,677280,25.50%
1986,Louisiana,3014498,3069021,1369897,45.40%
1986,Maine,858200,870604,426861,49.70%
1986,Maryland,3216833,3401061,1112637,34.60%
1986,Massachusetts,4326264,4560556,1684079,38.90%
1986,Michigan,6520661,6674856,2396564,36.80%
1986,Minnesota,3024070,3089544,1415989,46.80%
1986,Mississippi,1782721,1804699,523563,29.40%
1986,Missouri,3655213,3717988,1477327,40.40%
1986,Montana,572113,577604,317862,55.60%
1986,Nebraska,1123099,1141336,564422,50.30%
1986,Nevada,700192,747283,261932,37.40%
1986,New Hampshire,760526,775686,250966,33.00%
1986,New Jersey,5396487,5819614,1553544,28.80%
1986,New Mexico,987220,1026160,394833,40.00%
1986,New York,12263480,13512043,4293971,35.00%
1986,North Carolina,4653016,4749053,1591330,34.20%
1986,North Dakota,473962,477812,289013,61.00%
1986,Ohio,7781083,7891503,3121189,40.10%
1986,Oklahoma,2290182,2343190,909925,39.70%
1986,Oregon,1928782,1990233,1059630,54.90%
1986,Pennsylvania,8820459,8955720,3388275,38.40%
1986,Rhode Island,711034,756297,305663,43.00%
1986,South Carolina,2393329,2437430,753751,31.50%
1986,South Dakota,492333,495833,295830,60.10%
1986,Tennessee,3478867,3532177,1210339,34.80%
1986,Texas,10786533,11732625,3442368,31.90%
1986,Utah,1024337,1049339,435111,42.50%
1986,Vermont,389843,396034,196716,50.50%
1986,Virginia,4240797,4394143,1233611,29.10%
1986,Washington,3151152,3310457,1337367,42.40%
1986,West Virginia,1370305,1380916,410131,29.90%
1986,Wisconsin,3432034,3495584,1526960,44.50%
1986,Wyoming,328971,334385,164720,50.10%
1984,United States,167701904,173994610,92652680,55.20%
1984,Alabama,2831099,2867180,1441713,50.90%
1984,Alaska,343030,354410,207605,60.50%
1984,Arizona,2151391,2263826,1025897,47.70%
1984,Arkansas,1668136,1689480,884406,53.00%
1984,California,16618345,19270739,9505423,57.20%
1984,Colorado,2267668,2325829,1295380,57.10%
1984,Connecticut,2300533,2431057,1466900,63.80%
1984,Delaware,442354,455312,254572,57.50%
1984,District of Columbia,471669,505550,211288,44.80%
1984,Florida,7976805,8656427,4180051,52.40%
1984,Georgia,4119852,4243165,1776120,43.10%
1984,Hawaii,694187,750909,335846,48.40%
1984,Idaho,662771,675772,411144,62.00%
1984,Illinois,7922605,8327065,4819088,60.80%
1984,Indiana,3916362,3960870,2233069,57.00%
1984,Iowa,2057482,2084995,1319805,64.10%
1984,Kansas,1751223,1779487,1021991,58.40%
1984,Kentucky,2643027,2672424,1369345,51.80%
1984,Louisiana,3019930,3072074,1706822,56.50%
1984,Maine,840251,852022,553144,65.80%
1984,Maryland,3113967,3278321,1675873,53.80%
1984,Massachusetts,4273437,4486676,2559453,59.90%
1984,Michigan,6407156,6550877,3801658,59.30%
1984,Minnesota,2982015,3039490,2084449,69.90%
1984,Mississippi,1766654,1787243,941104,53.30%
1984,Missouri,3617948,3671506,2122783,58.70%
1984,Montana,578925,584162,384377,66.40%
1984,Nebraska,1135012,1152310,652090,57.50%
1984,Nevada,656862,697185,286667,43.60%
1984,New Hampshire,718967,732480,388904,54.10%
1984,New Jersey,5318696,5699440,3217862,60.50%
1984,New Mexico,956246,990632,514370,53.80%
1984,New York,12232120,13373558,6806810,55.60%
1984,North Carolina,4512013,4598151,2175361,48.20%
1984,North Dakota,482655,486449,308971,64.00%
1984,Ohio,7732456,7836806,4547619,58.80%
1984,Oklahoma,2324445,2373014,1255676,54.00%
1984,Oregon,1906880,1962501,1226527,64.30%
1984,Pennsylvania,8790815,8918353,4844903,55.10%
1984,Rhode Island,697537,739064,410492,58.80%
1984,South Carolina,2329080,2368236,968529,41.60%
1984,South Dakota,494651,497849,317867,64.30%
1984,Tennessee,3415760,3463234,1711994,50.10%
1984,Texas,10582774,11397758,5397571,51.00%
1984,Utah,998820,1022083,629656,63.00%
1984,Vermont,381479,387620,234561,61.50%
1984,Virginia,4100160,4234017,2146635,52.40%
1984,Washington,3072714,3213263,1883910,61.30%
1984,West Virginia,1391427,1401733,735742,52.90%
1984,Wisconsin,3409202,3468053,2211689,64.90%
1984,Wyoming,338733,343957,188968,55.80%
1982,United States,160466919,166027633,67615576,42.10%
1982,Alabama,2780689,2813033,1128725,40.60%
1982,Alaska,307558,316787,194885,63.40%
1982,Arizona,2017098,2112246,726364,36.00%
1982,Arkansas,1639482,1656707,789351,48.10%
1982,California,16161555,18448245,7876698,48.70%
1982,Colorado,2196263,2248839,956021,43.50%
1982,Connecticut,2253328,2369975,1084156,48.10%
1982,Delaware,430257,441374,190960,44.40%
1982,District of Columbia,470719,500492,117623,25.00%
1982,Florida,7565499,8139171,2688566,35.50%
1982,Georgia,3945107,4047788,1169041,29.60%
1982,Hawaii,671172,724189,311853,46.50%
1982,Idaho,650534,662251,326522,50.20%
1982,Illinois,7908220,8284606,3673681,46.50%
1982,Indiana,3879314,3921907,1817287,46.80%
1982,Iowa,2068844,2094031,1038229,50.20%
1982,Kansas,1736298,1761238,763263,44.00%
1982,Kentucky,2615445,2642810,700322,26.80%
1982,Louisiana,2982702,3029834,NA,NA
1982,Maine,817814,828907,460295,56.30%
1982,Maryland,3034834,3174995,1139149,37.50%
1982,Massachusetts,4184146,4375262,2050769,49.00%
1982,Michigan,6357552,6498711,3040008,47.80%
1982,Minnesota,2943169,2993256,1804675,61.30%
1982,Mississippi,1743267,1762406,645026,37.00%
1982,Missouri,3567803,3615526,1543521,43.30%
1982,Montana,569629,574592,321062,56.40%
1982,Nebraska,1128918,1145316,547902,48.50%
1982,Nevada,621060,655823,240394,38.70%
1982,New Hampshire,686264,698424,282588,41.20%
1982,New Jersey,5224732,5563627,2193945,42.00%
1982,New Mexico,919311,949133,407466,44.30%
1982,New York,12118685,13150573,5254891,43.40%
1982,North Carolina,4347870,4427095,1321080,30.40%
1982,North Dakota,476851,480367,262465,55.00%
1982,Ohio,7692059,7793022,3395463,44.10%
1982,Oklahoma,2302670,2346265,883130,38.40%
1982,Oregon,1895706,1946116,1042009,55.00%
1982,Pennsylvania,8749931,8869173,3683985,42.10%
1982,Rhode Island,684977,723060,342779,50.00%
1982,South Carolina,2260577,2297223,671625,29.70%
1982,South Dakota,489474,492367,278562,56.90%
1982,Tennessee,3357236,3393233,1259785,37.50%
1982,Texas,10228820,10910762,3191091,31.20%
1982,Utah,962724,984073,530802,55.10%
1982,Vermont,372982,379067,169251,45.40%
1982,Virginia,3960296,4076585,1415622,35.70%
1982,Washington,2999997,3138109,1368476,45.60%
1982,West Virginia,1399303,1409116,565314,40.40%
1982,Wisconsin,3372875,3426394,1580344,46.90%
1982,Wyoming,344218,349060,168555,49.00%
1980,United States,159635102,164445475,86515221,54.20%
1980,Alabama,2726249,2753078,1341929,49.20%
1980,Alaska,270122,277261,158445,58.70%
1980,Arizona,1890167,1968947,873945,46.20%
1980,Arkansas,1610104,1624917,837582,52.00%
1980,California,15610966,17551451,8587063,55.00%
1980,Colorado,2071959,2118092,1184415,57.20%
1980,Connecticut,2201356,2305904,1406285,63.90%
1980,Delaware,421344,430879,235900,56.00%
1980,District of Columbia,470956,496230,175237,37.20%
1980,Florida,7088658,7575002,3686930,52.00%
1980,Georgia,3791652,3870251,1596695,42.10%
1980,Hawaii,646583,695906,303287,46.90%
1980,Idaho,633624,644004,437431,69.00%
1980,Illinois,7868300,8216218,4749721,60.40%
1980,Indiana,3846321,3885473,2242033,58.30%
1980,Iowa,2070935,2093321,1317661,63.60%
1980,Kansas,1704420,1726471,979795,57.50%
1980,Kentucky,2562572,2592185,1294627,50.50%
1980,Louisiana,2868792,2910776,1548591,54.00%
1980,Maine,799746,810240,523011,65.40%
1980,Maryland,2964704,3081409,1540496,52.00%
1980,Massachusetts,4110721,4281265,2524298,61.40%
1980,Michigan,6374955,6514790,3909725,61.30%
1980,Minnesota,2882406,2929927,2051980,71.20%
1980,Mississippi,1704163,1719825,892620,52.40%
1980,Missouri,3529489,3571609,2099824,59.50%
1980,Montana,554636,559165,363952,65.60%
1980,Nebraska,1115142,1129653,640854,57.50%
1980,Nevada,573118,602463,247885,43.30%
1980,New Hampshire,660560,671558,383990,58.10%
1980,New Jersey,5123773,5420255,2975684,58.10%
1980,New Mexico,873515,897946,456971,52.30%
1980,New York,12006100,12932357,6201959,51.70%
1980,North Carolina,4203817,4272156,1855833,44.10%
1980,North Dakota,462223,465447,301545,65.20%
1980,Ohio,7637813,7732705,4283603,56.10%
1980,Oklahoma,2162051,2201257,1149708,53.20%
1980,Oregon,1880863,1925651,1181516,62.80%
1980,Pennsylvania,8664166,8774885,4561501,52.60%
1980,Rhode Island,675067,709692,416072,61.60%
1980,South Carolina,2176721,2212354,894071,41.10%
1980,South Dakota,484328,486893,327703,67.70%
1980,Tennessee,3285608,3318036,1617616,49.20%
1980,Texas,9572904,10120613,4541636,47.40%
1980,Utah,915484,934767,604222,66.00%
1980,Vermont,363143,369147,213299,58.70%
1980,Virginia,3830887,3927383,1866032,48.70%
1980,Washington,2923670,3037193,1742394,59.60%
1980,West Virginia,1387231,1396595,737715,53.20%
1980,Wisconsin,3322053,3371087,2273221,68.40%
1980,Wyoming,326644,330784,176713,54.10%
2016,United States,230931921.4,250055734,136753936,0.592182905
2016,Alabama,3609447.047,3770142,2123372,0.588281798
2016,Alaska,522679.4807,555367,318608,0.609566688
2016,Arizona,4740309.715,5331034,2604657,0.549469793
2016,Arkansas,2140097.315,2286625,1130635,0.528310088
2016,California,25104843.6,30201571,14181595,0.564894776
2016,Colorado,3974405.43,4305728,2780247,0.699537843
2016,Connecticut,2582760.699,2821935,1644920,0.636884401
2016,Delaware,691720.362,749872,443814,0.641608986
2016,District of Columbia,515248.4915,562329,311268,0.604112395
2016,Florida,14601066.18,16565588,9420039,0.645161037
2016,Georgia,6959962.724,7828207,4114732,0.591200293
2016,Hawaii,1012859.806,1120465,428937,0.423490988
2016,Idaho,1166705.929,1253925,690255,0.591627233
2016,Illinois,8985442.595,9866799,5589631,0.622076313
2016,Indiana,4849936.894,5063393,2734958,0.563916203
2016,Iowa,2288536.454,2406915,1566031,0.684293666
2016,Kansas,2054025.452,2192423,1184402,0.576624792
2016,Kentucky,3282420.226,3430652,1924149,0.586198252
2016,Louisiana,3384434.694,3571652,2029032,0.599518733
2016,Maine,1058372.474,1078037,747927,0.706676542
2016,Maryland,4189616.332,4670900,2781446,0.663890385
2016,Massachusetts,4948028.038,5442458,3325046,0.671994171
2016,Michigan,7420628.346,7744567,4799284,0.646749005
2016,Minnesota,3973203.633,4240423,2944813,0.741168405
2016,Mississippi,2191240.774,2268089,1209357,0.551905119
2016,Missouri,4517924.743,4710784,2808605,0.621658208
2016,Montana,804250.4627,817702,497147,0.618149473
2016,Nebraska,1343820.517,1436437,844227,0.628228985
2016,Nevada,1961586.595,2276281,1125385,0.573711608
2016,New Hampshire,1042795.401,1076739,744296,0.71375075
2016,New Jersey,6013655.778,6959892,3874046,0.644208139
2016,New Mexico,1464514.782,1591069,798319,0.545108189
2016,New York,13604645.25,15557982,7721453,0.56756004
2016,North Carolina,7352500.75,7880013,4741564,0.644891332
2016,North Dakota,566783.0967,581188,344360,0.607569284
2016,Ohio,8736807.847,9007953,5496487,0.629118449
2016,Oklahoma,2778218.729,2965905,1452992,0.522994099
2016,Oregon,3024174.129,3244277,2001336,0.661779353
2016,Pennsylvania,9691159.729,10108486,6165478,0.636196098
2016,Rhode Island,786012.0742,848975,464144,0.590504924
2016,South Carolina,3709283.247,3883145,2103027,0.566963173
2016,South Dakota,631173.1821,653841,370093,0.586357295
2016,Tennessee,4909425.947,5164969,2508027,0.510859524
2016,Texas,17448909.75,20671564,8969226,0.514027875
2016,Utah,1991885.17,2144784,1131430,0.568019692
2016,Vermont,494870.9522,506048,315067,0.63666497
2016,Virginia,6027152.417,6551390,3984631,0.661113362
2016,Washington,5123019.659,5691833,3317019,0.647473408
2016,West Virginia,1423030.933,1453201,714423,0.502043198
2016,Wisconsin,4285071.016,4495783,2976150,0.694539248
2016,Wyoming,429681.567,446396,255849,0.595438622
